DEA_NME_DEAL;GLE_AMT_AGGREGATN;GLE_CDE_BRANCH;BRN_CDE_BRANCH;BRN_CDE_LOCAL_CCY;BRN_TXT_ENTITY_CDE;GLE_CDE_CURRENCY;DBR_IND_PRIM_BORR;GLE_CDE_EXPENSE;FAC_NME_FACILITY;GLE_CDE_GL_ACCOUNT;GLE_CDE_GL_SHTNAME;GLE_AMT_ENTRY;GLE_CDE_ACCTG_OPER;GLE_CDE_BUS_TRAN;GLE_CDE_PORTFOLIO;GLE_CDE_SEC_TYPE;GLE_DTE_TRAN_BUS;GLE_DTE_TRANS_EFF;GLE_TXT_DESCRIPTON;OST_NME_ALIAS;OST_CDE_RISK_TYPE;PTF_DSC_PORTFOLIO
BONO 2: B.POUP CARDAMA USD88M 13/08/10  ;557,82;CLO  ;CLO  ;EUR;49;USD;Y;600001;TRAMO C-235                   ;940033;INTRC;557,82;DR   ;INTAC;B2SGB;OST  ;04/06/2015 0:00;04/06/2015 0:00;Outstanding Accruals;SAN01SE-BA00110;SLPI ;BONO 2 USD SGBM Asset Mobilization
BONO 2: B.POUP CARDAMA USD88M 13/08/10  ;557,82;CLO  ;CLO  ;EUR;49;USD;Y;600001;TRAMO C-235                   ;969039;INTIN;557,82;CR   ;INTAC;B2SGB;OST  ;04/06/2015 0:00;04/06/2015 0:00;Outstanding Accruals;SAN01SE-BA00110;SLPI ;BONO 2 USD SGBM Asset Mobilization
BONO 2: B.POUP CARDAMA USD88M 13/08/10  ;597,66;CLO  ;CLO  ;EUR;49;USD;Y;600001;TRAMO C-236                   ;GLINTIN        ;INTIN;597,66;CR   ;INTAC;RTFSG;OST  ;04/06/2015 0:00;04/06/2015 0:00;Outstanding Accruals;SAN01SE-BA00111;SLPI ;REPO TRADE FINANCE 1 SOCIETE GENERAL
BONO 2: B.POUP CARDAMA USD88M 13/08/10  ;597,66;CLO  ;CLO  ;EUR;49;USD;Y;600001;TRAMO C-236                   ;GLINTRC        ;INTRC;597,66;DR   ;INTAC;RTFSG;OST  ;04/06/2015 0:00;04/06/2015 0:00;Outstanding Accruals;SAN01SE-BA00111;SLPI ;REPO TRADE FINANCE 1 SOCIETE GENERAL
BONO 2: B.POUP CARDAMA USD88M 13/08/10  ;723,36;CLO  ;CLO  ;EUR;49;USD;Y;600001;TRAMO C-234                   ;940033;INTRC;723,36;DR   ;INTAC;B2SGB;OST  ;04/06/2015 0:00;04/06/2015 0:00;Outstanding Accruals;SAN01SE-BA00109;SLPI ;BONO 2 USD SGBM Asset Mobilization
BONO 2: B.POUP CARDAMA USD88M 13/08/10  ;723,36;CLO  ;CLO  ;EUR;49;USD;Y;600001;TRAMO C-234                   ;969039;INTIN;723,36;CR   ;INTAC;B2SGB;OST  ;04/06/2015 0:00;04/06/2015 0:00;Outstanding Accruals;SAN01SE-BA00109;SLPI ;BONO 2 USD SGBM Asset Mobilization
BONO 2: BANCO DE POUPANCA USD113.8M     ;-2995751,92;CLO  ;CLO  ;EUR;49;USD;Y;600001;BANCO DE POUPANCA USD 113.8M  ;UNCOC          ;UNCOC;2995751,92;DR   ;UNCOM;RTFSG;FAC  ;04/06/2015 0:00;04/06/2015 0:00;Unused Commitment Posting;;;REPO TRADE FINANCE 1 SOCIETE GENERAL
BONO 2: BANCO DE POUPANCA USD113.8M     ;-2995751,92;CLO  ;CLO  ;EUR;49;USD;Y;600001;BANCO DE POUPANCA USD 113.8M  ;UNCOM          ;UNCOM;2995751,92;CR   ;UNCOM;RTFSG;FAC  ;04/06/2015 0:00;04/06/2015 0:00;Unused Commitment Posting;;;REPO TRADE FINANCE 1 SOCIETE GENERAL
BONO 2: BANCO DE POUPANCA USD113.8M     ;0,24;CLO  ;CLO  ;EUR;49;USD;Y;600001;BANCO DE POUPANCA USD 113.8M  ;GLINTIN        ;INTIN;0,24;CR   ;INTAC;RTFSG;OST  ;04/06/2015 0:00;04/06/2015 0:00;Outstanding Accruals;SAN01SE-BA00156;SLPI ;REPO TRADE FINANCE 1 SOCIETE GENERAL
BONO 2: BANCO DE POUPANCA USD113.8M     ;0,24;CLO  ;CLO  ;EUR;49;USD;Y;600001;BANCO DE POUPANCA USD 113.8M  ;GLINTRC        ;INTRC;0,24;DR   ;INTAC;RTFSG;OST  ;04/06/2015 0:00;04/06/2015 0:00;Outstanding Accruals;SAN01SE-BA00156;SLPI ;REPO TRADE FINANCE 1 SOCIETE GENERAL
BONO 2: BANCO DE POUPANCA USD113.8M     ;0,29;CLO  ;CLO  ;EUR;49;USD;Y;600001;BANCO DE POUPANCA USD 113.8M  ;GLINTIN        ;INTIN;0,29;CR   ;INTAC;RTFSG;OST  ;04/06/2015 0:00;04/06/2015 0:00;Outstanding Accruals;SAN01SE-BA00157;SLPI ;REPO TRADE FINANCE 1 SOCIETE GENERAL
BONO 2: BANCO DE POUPANCA USD113.8M     ;0,29;CLO  ;CLO  ;EUR;49;USD;Y;600001;BANCO DE POUPANCA USD 113.8M  ;GLINTRC        ;INTRC;0,29;DR   ;INTAC;RTFSG;OST  ;04/06/2015 0:00;04/06/2015 0:00;Outstanding Accruals;SAN01SE-BA00157;SLPI ;REPO TRADE FINANCE 1 SOCIETE GENERAL
BONO 2: BANCO DE POUPANCA USD113.8M     ;0,63;CLO  ;CLO  ;EUR;49;USD;Y;600001;BANCO DE POUPANCA USD 113.8M  ;GLINTIN        ;INTIN;0,63;CR   ;INTAC;RTFSG;OST  ;04/06/2015 0:00;04/06/2015 0:00;Outstanding Accruals;SAN01SE-BA00152;SLPI ;REPO TRADE FINANCE 1 SOCIETE GENERAL
BONO 2: BANCO DE POUPANCA USD113.8M     ;0,63;CLO  ;CLO  ;EUR;49;USD;Y;600001;BANCO DE POUPANCA USD 113.8M  ;GLINTRC        ;INTRC;0,63;DR   ;INTAC;RTFSG;OST  ;04/06/2015 0:00;04/06/2015 0:00;Outstanding Accruals;SAN01SE-BA00152;SLPI ;REPO TRADE FINANCE 1 SOCIETE GENERAL
BONO 2: BANCO DE POUPANCA USD113.8M     ;0,71;CLO  ;CLO  ;EUR;49;USD;Y;600001;BANCO DE POUPANCA USD 113.8M  ;GLINTIN        ;INTIN;0,71;CR   ;INTAC;RTFSG;OST  ;04/06/2015 0:00;04/06/2015 0:00;Outstanding Accruals;SAN01SE-BA00155;SLPI ;REPO TRADE FINANCE 1 SOCIETE GENERAL
BONO 2: BANCO DE POUPANCA USD113.8M     ;0,71;CLO  ;CLO  ;EUR;49;USD;Y;600001;BANCO DE POUPANCA USD 113.8M  ;GLINTRC        ;INTRC;0,71;DR   ;INTAC;RTFSG;OST  ;04/06/2015 0:00;04/06/2015 0:00;Outstanding Accruals;SAN01SE-BA00155;SLPI ;REPO TRADE FINANCE 1 SOCIETE GENERAL
BONO 2: BANCO DE POUPANCA USD113.8M     ;0,91;CLO  ;CLO  ;EUR;49;USD;Y;600001;BANCO DE POUPANCA USD 113.8M  ;GLINTIN        ;INTIN;0,91;CR   ;INTAC;RTFSG;OST  ;04/06/2015 0:00;04/06/2015 0:00;Outstanding Accruals;SAN01SE-BA00153;SLPI ;REPO TRADE FINANCE 1 SOCIETE GENERAL
BONO 2: BANCO DE POUPANCA USD113.8M     ;0,91;CLO  ;CLO  ;EUR;49;USD;Y;600001;BANCO DE POUPANCA USD 113.8M  ;GLINTRC        ;INTRC;0,91;DR   ;INTAC;RTFSG;OST  ;04/06/2015 0:00;04/06/2015 0:00;Outstanding Accruals;SAN01SE-BA00153;SLPI ;REPO TRADE FINANCE 1 SOCIETE GENERAL
BONO 2: BANCO DE POUPANCA USD113.8M     ;1,19;CLO  ;CLO  ;EUR;49;USD;Y;600001;BANCO DE POUPANCA USD 113.8M  ;GLINTIN        ;INTIN;1,19;CR   ;INTAC;RTFSG;OST  ;04/06/2015 0:00;04/06/2015 0:00;Outstanding Accruals;SAN01SE-BA00151;SLPI ;REPO TRADE FINANCE 1 SOCIETE GENERAL
BONO 2: BANCO DE POUPANCA USD113.8M     ;1,19;CLO  ;CLO  ;EUR;49;USD;Y;600001;BANCO DE POUPANCA USD 113.8M  ;GLINTRC        ;INTRC;1,19;DR   ;INTAC;RTFSG;OST  ;04/06/2015 0:00;04/06/2015 0:00;Outstanding Accruals;SAN01SE-BA00151;SLPI ;REPO TRADE FINANCE 1 SOCIETE GENERAL
BONO 2: BANCO DE POUPANCA USD113.8M     ;2,53;CLO  ;CLO  ;EUR;49;USD;Y;600001;BANCO DE POUPANCA USD 113.8M  ;GLINTIN        ;INTIN;2,53;CR   ;INTAC;RTFSG;OST  ;04/06/2015 0:00;04/06/2015 0:00;Outstanding Accruals;SAN01SE-BA00137;SLPI ;REPO TRADE FINANCE 1 SOCIETE GENERAL
BONO 2: BANCO DE POUPANCA USD113.8M     ;2,53;CLO  ;CLO  ;EUR;49;USD;Y;600001;BANCO DE POUPANCA USD 113.8M  ;GLINTRC        ;INTRC;2,53;DR   ;INTAC;RTFSG;OST  ;04/06/2015 0:00;04/06/2015 0:00;Outstanding Accruals;SAN01SE-BA00137;SLPI ;REPO TRADE FINANCE 1 SOCIETE GENERAL
BONO 2: BANCO DE POUPANCA USD113.8M     ;3,89;CLO  ;CLO  ;EUR;49;USD;Y;600001;BANCO DE POUPANCA USD 113.8M  ;GLINTIN        ;INTIN;3,89;CR   ;INTAC;RTFSG;OST  ;04/06/2015 0:00;04/06/2015 0:00;Outstanding Accruals;SAN01SE-BA00146;SLPI ;REPO TRADE FINANCE 1 SOCIETE GENERAL
BONO 2: BANCO DE POUPANCA USD113.8M     ;3,89;CLO  ;CLO  ;EUR;49;USD;Y;600001;BANCO DE POUPANCA USD 113.8M  ;GLINTRC        ;INTRC;3,89;DR   ;INTAC;RTFSG;OST  ;04/06/2015 0:00;04/06/2015 0:00;Outstanding Accruals;SAN01SE-BA00146;SLPI ;REPO TRADE FINANCE 1 SOCIETE GENERAL
BONO 2: BANCO DE POUPANCA USD113.8M     ;4,17;CLO  ;CLO  ;EUR;49;USD;Y;600001;BANCO DE POUPANCA USD 113.8M  ;GLINTIN        ;INTIN;4,17;CR   ;INTAC;RTFSG;OST  ;04/06/2015 0:00;04/06/2015 0:00;Outstanding Accruals;SAN01SE-BA00136;SLPI ;REPO TRADE FINANCE 1 SOCIETE GENERAL
BONO 2: BANCO DE POUPANCA USD113.8M     ;4,17;CLO  ;CLO  ;EUR;49;USD;Y;600001;BANCO DE POUPANCA USD 113.8M  ;GLINTRC        ;INTRC;4,17;DR   ;INTAC;RTFSG;OST  ;04/06/2015 0:00;04/06/2015 0:00;Outstanding Accruals;SAN01SE-BA00136;SLPI ;REPO TRADE FINANCE 1 SOCIETE GENERAL
BONO 2: BANCO DE POUPANCA USD113.8M     ;4,47;CLO  ;CLO  ;EUR;49;USD;Y;600001;BANCO DE POUPANCA USD 113.8M  ;GLINTIN        ;INTIN;4,47;CR   ;INTAC;RTFSG;OST  ;04/06/2015 0:00;04/06/2015 0:00;Outstanding Accruals;SAN01SE-BA00122;SLPI ;REPO TRADE FINANCE 1 SOCIETE GENERAL
BONO 2: BANCO DE POUPANCA USD113.8M     ;4,47;CLO  ;CLO  ;EUR;49;USD;Y;600001;BANCO DE POUPANCA USD 113.8M  ;GLINTRC        ;INTRC;4,47;DR   ;INTAC;RTFSG;OST  ;04/06/2015 0:00;04/06/2015 0:00;Outstanding Accruals;SAN01SE-BA00122;SLPI ;REPO TRADE FINANCE 1 SOCIETE GENERAL
BONO 2: BANCO DE POUPANCA USD113.8M     ;5,44;CLO  ;CLO  ;EUR;49;USD;Y;600001;BANCO DE POUPANCA USD 113.8M  ;GLINTIN        ;INTIN;5,44;CR   ;INTAC;RTFSG;OST  ;04/06/2015 0:00;04/06/2015 0:00;Outstanding Accruals;SAN01SE-BA00158;SLPI ;REPO TRADE FINANCE 1 SOCIETE GENERAL
BONO 2: BANCO DE POUPANCA USD113.8M     ;5,44;CLO  ;CLO  ;EUR;49;USD;Y;600001;BANCO DE POUPANCA USD 113.8M  ;GLINTRC        ;INTRC;5,44;DR   ;INTAC;RTFSG;OST  ;04/06/2015 0:00;04/06/2015 0:00;Outstanding Accruals;SAN01SE-BA00158;SLPI ;REPO TRADE FINANCE 1 SOCIETE GENERAL
BONO 2: BANCO DE POUPANCA USD113.8M     ;6,06;CLO  ;CLO  ;EUR;49;USD;Y;600001;BANCO DE POUPANCA USD 113.8M  ;GLINTIN        ;INTIN;6,06;CR   ;INTAC;RTFSG;OST  ;04/06/2015 0:00;04/06/2015 0:00;Outstanding Accruals;SAN01SE-BA00150;SLPI ;REPO TRADE FINANCE 1 SOCIETE GENERAL
BONO 2: BANCO DE POUPANCA USD113.8M     ;6,06;CLO  ;CLO  ;EUR;49;USD;Y;600001;BANCO DE POUPANCA USD 113.8M  ;GLINTRC        ;INTRC;6,06;DR   ;INTAC;RTFSG;OST  ;04/06/2015 0:00;04/06/2015 0:00;Outstanding Accruals;SAN01SE-BA00150;SLPI ;REPO TRADE FINANCE 1 SOCIETE GENERAL
BONO 2: BANCO DE POUPANCA USD113.8M     ;6,16;CLO  ;CLO  ;EUR;49;USD;Y;600001;BANCO DE POUPANCA USD 113.8M  ;GLINTIN        ;INTIN;6,16;CR   ;INTAC;RTFSG;OST  ;04/06/2015 0:00;04/06/2015 0:00;Outstanding Accruals;SAN01SE-BA00144;SLPI ;REPO TRADE FINANCE 1 SOCIETE GENERAL
BONO 2: BANCO DE POUPANCA USD113.8M     ;6,16;CLO  ;CLO  ;EUR;49;USD;Y;600001;BANCO DE POUPANCA USD 113.8M  ;GLINTRC        ;INTRC;6,16;DR   ;INTAC;RTFSG;OST  ;04/06/2015 0:00;04/06/2015 0:00;Outstanding Accruals;SAN01SE-BA00144;SLPI ;REPO TRADE FINANCE 1 SOCIETE GENERAL
BONO 2: BANCO DE POUPANCA USD113.8M     ;6,9;CLO  ;CLO  ;EUR;49;USD;Y;600001;BANCO DE POUPANCA USD 113.8M  ;GLINTIN        ;INTIN;6,9;CR   ;INTAC;RTFSG;OST  ;04/06/2015 0:00;04/06/2015 0:00;Outstanding Accruals;SAN01SE-BA00163;SLPI ;REPO TRADE FINANCE 1 SOCIETE GENERAL
BONO 2: BANCO DE POUPANCA USD113.8M     ;6,9;CLO  ;CLO  ;EUR;49;USD;Y;600001;BANCO DE POUPANCA USD 113.8M  ;GLINTRC        ;INTRC;6,9;DR   ;INTAC;RTFSG;OST  ;04/06/2015 0:00;04/06/2015 0:00;Outstanding Accruals;SAN01SE-BA00163;SLPI ;REPO TRADE FINANCE 1 SOCIETE GENERAL
BONO 2: BANCO DE POUPANCA USD113.8M     ;7,29;CLO  ;CLO  ;EUR;49;USD;Y;600001;BANCO DE POUPANCA USD 113.8M  ;GLINTIN        ;INTIN;7,29;CR   ;INTAC;RTFSG;OST  ;04/06/2015 0:00;04/06/2015 0:00;Outstanding Accruals;SAN01SE-BA00135;SLPI ;REPO TRADE FINANCE 1 SOCIETE GENERAL
BONO 2: BANCO DE POUPANCA USD113.8M     ;7,29;CLO  ;CLO  ;EUR;49;USD;Y;600001;BANCO DE POUPANCA USD 113.8M  ;GLINTRC        ;INTRC;7,29;DR   ;INTAC;RTFSG;OST  ;04/06/2015 0:00;04/06/2015 0:00;Outstanding Accruals;SAN01SE-BA00135;SLPI ;REPO TRADE FINANCE 1 SOCIETE GENERAL
BONO 2: BANCO DE POUPANCA USD113.8M     ;7,33;CLO  ;CLO  ;EUR;49;USD;Y;600001;BANCO DE POUPANCA USD 113.8M  ;GLINTIN        ;INTIN;7,33;CR   ;INTAC;RTFSG;OST  ;04/06/2015 0:00;04/06/2015 0:00;Outstanding Accruals;SAN01SE-BA00145;SLPI ;REPO TRADE FINANCE 1 SOCIETE GENERAL
BONO 2: BANCO DE POUPANCA USD113.8M     ;7,33;CLO  ;CLO  ;EUR;49;USD;Y;600001;BANCO DE POUPANCA USD 113.8M  ;GLINTRC        ;INTRC;7,33;DR   ;INTAC;RTFSG;OST  ;04/06/2015 0:00;04/06/2015 0:00;Outstanding Accruals;SAN01SE-BA00145;SLPI ;REPO TRADE FINANCE 1 SOCIETE GENERAL
BONO 2: BANCO DE POUPANCA USD113.8M     ;7,34;CLO  ;CLO  ;EUR;49;USD;Y;600001;BANCO DE POUPANCA USD 113.8M  ;GLINTIN        ;INTIN;7,34;CR   ;INTAC;RTFSG;OST  ;04/06/2015 0:00;04/06/2015 0:00;Outstanding Accruals;SAN01SE-BA00147;SLPI ;REPO TRADE FINANCE 1 SOCIETE GENERAL
BONO 2: BANCO DE POUPANCA USD113.8M     ;7,34;CLO  ;CLO  ;EUR;49;USD;Y;600001;BANCO DE POUPANCA USD 113.8M  ;GLINTRC        ;INTRC;7,34;DR   ;INTAC;RTFSG;OST  ;04/06/2015 0:00;04/06/2015 0:00;Outstanding Accruals;SAN01SE-BA00147;SLPI ;REPO TRADE FINANCE 1 SOCIETE GENERAL
BONO 2: BANCO DE POUPANCA USD113.8M     ;8,76;CLO  ;CLO  ;EUR;49;USD;Y;600001;BANCO DE POUPANCA USD 113.8M  ;GLINTIN        ;INTIN;8,76;CR   ;INTAC;RTFSG;OST  ;04/06/2015 0:00;04/06/2015 0:00;Outstanding Accruals;SAN01SE-BA00160;SLPI ;REPO TRADE FINANCE 1 SOCIETE GENERAL
BONO 2: BANCO DE POUPANCA USD113.8M     ;8,76;CLO  ;CLO  ;EUR;49;USD;Y;600001;BANCO DE POUPANCA USD 113.8M  ;GLINTRC        ;INTRC;8,76;DR   ;INTAC;RTFSG;OST  ;04/06/2015 0:00;04/06/2015 0:00;Outstanding Accruals;SAN01SE-BA00160;SLPI ;REPO TRADE FINANCE 1 SOCIETE GENERAL
BONO 2: BANCO DE POUPANCA USD113.8M     ;8,97;CLO  ;CLO  ;EUR;49;USD;Y;600001;BANCO DE POUPANCA USD 113.8M  ;GLINTIN        ;INTIN;8,97;CR   ;INTAC;RTFSG;OST  ;04/06/2015 0:00;04/06/2015 0:00;Outstanding Accruals;SAN01SE-BA00149;SLPI ;REPO TRADE FINANCE 1 SOCIETE GENERAL
BONO 2: BANCO DE POUPANCA USD113.8M     ;8,97;CLO  ;CLO  ;EUR;49;USD;Y;600001;BANCO DE POUPANCA USD 113.8M  ;GLINTRC        ;INTRC;8,97;DR   ;INTAC;RTFSG;OST  ;04/06/2015 0:00;04/06/2015 0:00;Outstanding Accruals;SAN01SE-BA00149;SLPI ;REPO TRADE FINANCE 1 SOCIETE GENERAL
BONO 2: BANCO DE POUPANCA USD113.8M     ;9,02;CLO  ;CLO  ;EUR;49;USD;Y;600001;BANCO DE POUPANCA USD 113.8M  ;GLINTIN        ;INTIN;9,02;CR   ;INTAC;RTFSG;OST  ;04/06/2015 0:00;04/06/2015 0:00;Outstanding Accruals;SAN01SE-BA00139;SLPI ;REPO TRADE FINANCE 1 SOCIETE GENERAL
BONO 2: BANCO DE POUPANCA USD113.8M     ;9,02;CLO  ;CLO  ;EUR;49;USD;Y;600001;BANCO DE POUPANCA USD 113.8M  ;GLINTRC        ;INTRC;9,02;DR   ;INTAC;RTFSG;OST  ;04/06/2015 0:00;04/06/2015 0:00;Outstanding Accruals;SAN01SE-BA00139;SLPI ;REPO TRADE FINANCE 1 SOCIETE GENERAL
BONO 2: BANCO DE POUPANCA USD113.8M     ;9,38;CLO  ;CLO  ;EUR;49;USD;Y;600001;BANCO DE POUPANCA USD 113.8M  ;GLINTIN        ;INTIN;9,38;CR   ;INTAC;RTFSG;OST  ;04/06/2015 0:00;04/06/2015 0:00;Outstanding Accruals;SAN01SE-BA00154;SLPI ;REPO TRADE FINANCE 1 SOCIETE GENERAL
BONO 2: BANCO DE POUPANCA USD113.8M     ;9,38;CLO  ;CLO  ;EUR;49;USD;Y;600001;BANCO DE POUPANCA USD 113.8M  ;GLINTRC        ;INTRC;9,38;DR   ;INTAC;RTFSG;OST  ;04/06/2015 0:00;04/06/2015 0:00;Outstanding Accruals;SAN01SE-BA00154;SLPI ;REPO TRADE FINANCE 1 SOCIETE GENERAL
BONO 2: BANCO DE POUPANCA USD113.8M     ;9,63;CLO  ;CLO  ;EUR;49;USD;Y;600001;BANCO DE POUPANCA USD 113.8M  ;GLINTIN        ;INTIN;9,63;CR   ;INTAC;RTFSG;OST  ;04/06/2015 0:00;04/06/2015 0:00;Outstanding Accruals;SAN01SE-BA00124;SLPI ;REPO TRADE FINANCE 1 SOCIETE GENERAL
BONO 2: BANCO DE POUPANCA USD113.8M     ;9,63;CLO  ;CLO  ;EUR;49;USD;Y;600001;BANCO DE POUPANCA USD 113.8M  ;GLINTRC        ;INTRC;9,63;DR   ;INTAC;RTFSG;OST  ;04/06/2015 0:00;04/06/2015 0:00;Outstanding Accruals;SAN01SE-BA00124;SLPI ;REPO TRADE FINANCE 1 SOCIETE GENERAL
BONO 2: BANCO DE POUPANCA USD113.8M     ;9,76;CLO  ;CLO  ;EUR;49;USD;Y;600001;BANCO DE POUPANCA USD 113.8M  ;GLINTIN        ;INTIN;9,76;CR   ;INTAC;RTFSG;OST  ;04/06/2015 0:00;04/06/2015 0:00;Outstanding Accruals;SAN01SE-BA00159;SLPI ;REPO TRADE FINANCE 1 SOCIETE GENERAL
BONO 2: BANCO DE POUPANCA USD113.8M     ;9,76;CLO  ;CLO  ;EUR;49;USD;Y;600001;BANCO DE POUPANCA USD 113.8M  ;GLINTRC        ;INTRC;9,76;DR   ;INTAC;RTFSG;OST  ;04/06/2015 0:00;04/06/2015 0:00;Outstanding Accruals;SAN01SE-BA00159;SLPI ;REPO TRADE FINANCE 1 SOCIETE GENERAL
BONO 2: BANCO DE POUPANCA USD113.8M     ;10,75;CLO  ;CLO  ;EUR;49;USD;Y;600001;BANCO DE POUPANCA USD 113.8M  ;GLINTIN        ;INTIN;10,75;CR   ;INTAC;RTFSG;OST  ;04/06/2015 0:00;04/06/2015 0:00;Outstanding Accruals;SAN01SE-BA00114;SLPI ;REPO TRADE FINANCE 1 SOCIETE GENERAL
BONO 2: BANCO DE POUPANCA USD113.8M     ;10,75;CLO  ;CLO  ;EUR;49;USD;Y;600001;BANCO DE POUPANCA USD 113.8M  ;GLINTRC        ;INTRC;10,75;DR   ;INTAC;RTFSG;OST  ;04/06/2015 0:00;04/06/2015 0:00;Outstanding Accruals;SAN01SE-BA00114;SLPI ;REPO TRADE FINANCE 1 SOCIETE GENERAL
BONO 2: BANCO DE POUPANCA USD113.8M     ;12,62;CLO  ;CLO  ;EUR;49;USD;Y;600001;BANCO DE POUPANCA USD 113.8M  ;GLINTIN        ;INTIN;12,62;CR   ;INTAC;RTFSG;OST  ;04/06/2015 0:00;04/06/2015 0:00;Outstanding Accruals;SAN01SE-BA00133;SLPI ;REPO TRADE FINANCE 1 SOCIETE GENERAL
BONO 2: BANCO DE POUPANCA USD113.8M     ;12,62;CLO  ;CLO  ;EUR;49;USD;Y;600001;BANCO DE POUPANCA USD 113.8M  ;GLINTRC        ;INTRC;12,62;DR   ;INTAC;RTFSG;OST  ;04/06/2015 0:00;04/06/2015 0:00;Outstanding Accruals;SAN01SE-BA00133;SLPI ;REPO TRADE FINANCE 1 SOCIETE GENERAL
BONO 2: BANCO DE POUPANCA USD113.8M     ;12,66;CLO  ;CLO  ;EUR;49;USD;Y;600001;BANCO DE POUPANCA USD 113.8M  ;GLINTIN        ;INTIN;12,66;CR   ;INTAC;RTFSG;OST  ;04/06/2015 0:00;04/06/2015 0:00;Outstanding Accruals;SAN01SE-BA00161;SLPI ;REPO TRADE FINANCE 1 SOCIETE GENERAL
BONO 2: BANCO DE POUPANCA USD113.8M     ;12,66;CLO  ;CLO  ;EUR;49;USD;Y;600001;BANCO DE POUPANCA USD 113.8M  ;GLINTRC        ;INTRC;12,66;DR   ;INTAC;RTFSG;OST  ;04/06/2015 0:00;04/06/2015 0:00;Outstanding Accruals;SAN01SE-BA00161;SLPI ;REPO TRADE FINANCE 1 SOCIETE GENERAL
BONO 2: BANCO DE POUPANCA USD113.8M     ;14;CLO  ;CLO  ;EUR;49;USD;Y;600001;BANCO DE POUPANCA USD 113.8M  ;GLINTIN        ;INTIN;14;CR   ;INTAC;RTFSG;OST  ;04/06/2015 0:00;04/06/2015 0:00;Outstanding Accruals;SAN01SE-BA00148;SLPI ;REPO TRADE FINANCE 1 SOCIETE GENERAL
BONO 2: BANCO DE POUPANCA USD113.8M     ;14;CLO  ;CLO  ;EUR;49;USD;Y;600001;BANCO DE POUPANCA USD 113.8M  ;GLINTRC        ;INTRC;14;DR   ;INTAC;RTFSG;OST  ;04/06/2015 0:00;04/06/2015 0:00;Outstanding Accruals;SAN01SE-BA00148;SLPI ;REPO TRADE FINANCE 1 SOCIETE GENERAL
BONO 2: BANCO DE POUPANCA USD113.8M     ;14,28;CLO  ;CLO  ;EUR;49;USD;Y;600001;BANCO DE POUPANCA USD 113.8M  ;GLINTIN        ;INTIN;14,28;CR   ;INTAC;RTFSG;OST  ;04/06/2015 0:00;04/06/2015 0:00;Outstanding Accruals;SAN01SE-BA00141;SLPI ;REPO TRADE FINANCE 1 SOCIETE GENERAL
BONO 2: BANCO DE POUPANCA USD113.8M     ;14,28;CLO  ;CLO  ;EUR;49;USD;Y;600001;BANCO DE POUPANCA USD 113.8M  ;GLINTRC        ;INTRC;14,28;DR   ;INTAC;RTFSG;OST  ;04/06/2015 0:00;04/06/2015 0:00;Outstanding Accruals;SAN01SE-BA00141;SLPI ;REPO TRADE FINANCE 1 SOCIETE GENERAL
BONO 2: BANCO DE POUPANCA USD113.8M     ;15,32;CLO  ;CLO  ;EUR;49;USD;Y;600001;BANCO DE POUPANCA USD 113.8M  ;GLINTIN        ;INTIN;15,32;CR   ;INTAC;RTFSG;OST  ;04/06/2015 0:00;04/06/2015 0:00;Outstanding Accruals;SAN01SE-BA00117;SLPI ;REPO TRADE FINANCE 1 SOCIETE GENERAL
BONO 2: BANCO DE POUPANCA USD113.8M     ;15,32;CLO  ;CLO  ;EUR;49;USD;Y;600001;BANCO DE POUPANCA USD 113.8M  ;GLINTRC        ;INTRC;15,32;DR   ;INTAC;RTFSG;OST  ;04/06/2015 0:00;04/06/2015 0:00;Outstanding Accruals;SAN01SE-BA00117;SLPI ;REPO TRADE FINANCE 1 SOCIETE GENERAL
BONO 2: BANCO DE POUPANCA USD113.8M     ;16,61;CLO  ;CLO  ;EUR;49;USD;Y;600001;BANCO DE POUPANCA USD 113.8M  ;GLINTIN        ;INTIN;16,61;CR   ;INTAC;RTFSG;OST  ;04/06/2015 0:00;04/06/2015 0:00;Outstanding Accruals;SAN01SE-BA00134;SLPI ;REPO TRADE FINANCE 1 SOCIETE GENERAL
BONO 2: BANCO DE POUPANCA USD113.8M     ;16,61;CLO  ;CLO  ;EUR;49;USD;Y;600001;BANCO DE POUPANCA USD 113.8M  ;GLINTRC        ;INTRC;16,61;DR   ;INTAC;RTFSG;OST  ;04/06/2015 0:00;04/06/2015 0:00;Outstanding Accruals;SAN01SE-BA00134;SLPI ;REPO TRADE FINANCE 1 SOCIETE GENERAL
BONO 2: BANCO DE POUPANCA USD113.8M     ;17,73;CLO  ;CLO  ;EUR;49;USD;Y;600001;BANCO DE POUPANCA USD 113.8M  ;GLINTIN        ;INTIN;17,73;CR   ;INTAC;RTFSG;OST  ;04/06/2015 0:00;04/06/2015 0:00;Outstanding Accruals;SAN01SE-BA00129;SLPI ;REPO TRADE FINANCE 1 SOCIETE GENERAL
BONO 2: BANCO DE POUPANCA USD113.8M     ;17,73;CLO  ;CLO  ;EUR;49;USD;Y;600001;BANCO DE POUPANCA USD 113.8M  ;GLINTRC        ;INTRC;17,73;DR   ;INTAC;RTFSG;OST  ;04/06/2015 0:00;04/06/2015 0:00;Outstanding Accruals;SAN01SE-BA00129;SLPI ;REPO TRADE FINANCE 1 SOCIETE GENERAL
BONO 2: BANCO DE POUPANCA USD113.8M     ;17,76;CLO  ;CLO  ;EUR;49;USD;Y;600001;BANCO DE POUPANCA USD 113.8M  ;GLINTIN        ;INTIN;17,76;CR   ;INTAC;RTFSG;OST  ;04/06/2015 0:00;04/06/2015 0:00;Outstanding Accruals;SAN01SE-BA00132;SLPI ;REPO TRADE FINANCE 1 SOCIETE GENERAL
BONO 2: BANCO DE POUPANCA USD113.8M     ;17,76;CLO  ;CLO  ;EUR;49;USD;Y;600001;BANCO DE POUPANCA USD 113.8M  ;GLINTRC        ;INTRC;17,76;DR   ;INTAC;RTFSG;OST  ;04/06/2015 0:00;04/06/2015 0:00;Outstanding Accruals;SAN01SE-BA00132;SLPI ;REPO TRADE FINANCE 1 SOCIETE GENERAL
BONO 2: BANCO DE POUPANCA USD113.8M     ;21,38;CLO  ;CLO  ;EUR;49;USD;Y;600001;BANCO DE POUPANCA USD 113.8M  ;GLINTIN        ;INTIN;21,38;CR   ;INTAC;RTFSG;OST  ;04/06/2015 0:00;04/06/2015 0:00;Outstanding Accruals;SAN01SE-BA00119;SLPI ;REPO TRADE FINANCE 1 SOCIETE GENERAL
BONO 2: BANCO DE POUPANCA USD113.8M     ;21,38;CLO  ;CLO  ;EUR;49;USD;Y;600001;BANCO DE POUPANCA USD 113.8M  ;GLINTRC        ;INTRC;21,38;DR   ;INTAC;RTFSG;OST  ;04/06/2015 0:00;04/06/2015 0:00;Outstanding Accruals;SAN01SE-BA00119;SLPI ;REPO TRADE FINANCE 1 SOCIETE GENERAL
BONO 2: BANCO DE POUPANCA USD113.8M     ;21,77;CLO  ;CLO  ;EUR;49;USD;Y;600001;BANCO DE POUPANCA USD 113.8M  ;GLINTIN        ;INTIN;21,77;CR   ;INTAC;RTFSG;OST  ;04/06/2015 0:00;04/06/2015 0:00;Outstanding Accruals;SAN01SE-BA00142;SLPI ;REPO TRADE FINANCE 1 SOCIETE GENERAL
BONO 2: BANCO DE POUPANCA USD113.8M     ;21,77;CLO  ;CLO  ;EUR;49;USD;Y;600001;BANCO DE POUPANCA USD 113.8M  ;GLINTRC        ;INTRC;21,77;DR   ;INTAC;RTFSG;OST  ;04/06/2015 0:00;04/06/2015 0:00;Outstanding Accruals;SAN01SE-BA00142;SLPI ;REPO TRADE FINANCE 1 SOCIETE GENERAL
BONO 2: BANCO DE POUPANCA USD113.8M     ;22,3;CLO  ;CLO  ;EUR;49;USD;Y;600001;BANCO DE POUPANCA USD 113.8M  ;GLINTIN        ;INTIN;22,3;CR   ;INTAC;RTFSG;OST  ;04/06/2015 0:00;04/06/2015 0:00;Outstanding Accruals;SAN01SE-BA00162;SLPI ;REPO TRADE FINANCE 1 SOCIETE GENERAL
BONO 2: BANCO DE POUPANCA USD113.8M     ;22,3;CLO  ;CLO  ;EUR;49;USD;Y;600001;BANCO DE POUPANCA USD 113.8M  ;GLINTRC        ;INTRC;22,3;DR   ;INTAC;RTFSG;OST  ;04/06/2015 0:00;04/06/2015 0:00;Outstanding Accruals;SAN01SE-BA00162;SLPI ;REPO TRADE FINANCE 1 SOCIETE GENERAL
BONO 2: BANCO DE POUPANCA USD113.8M     ;24,51;CLO  ;CLO  ;EUR;49;USD;Y;600001;BANCO DE POUPANCA USD 113.8M  ;GLINTIN        ;INTIN;24,51;CR   ;INTAC;RTFSG;OST  ;04/06/2015 0:00;04/06/2015 0:00;Outstanding Accruals;SAN01SE-BA00120;SLPI ;REPO TRADE FINANCE 1 SOCIETE GENERAL
BONO 2: BANCO DE POUPANCA USD113.8M     ;24,51;CLO  ;CLO  ;EUR;49;USD;Y;600001;BANCO DE POUPANCA USD 113.8M  ;GLINTRC        ;INTRC;24,51;DR   ;INTAC;RTFSG;OST  ;04/06/2015 0:00;04/06/2015 0:00;Outstanding Accruals;SAN01SE-BA00120;SLPI ;REPO TRADE FINANCE 1 SOCIETE GENERAL
BONO 2: BANCO DE POUPANCA USD113.8M     ;25,29;CLO  ;CLO  ;EUR;49;USD;Y;600001;BANCO DE POUPANCA USD 113.8M  ;GLINTIN        ;INTIN;25,29;CR   ;INTAC;RTFSG;OST  ;04/06/2015 0:00;04/06/2015 0:00;Outstanding Accruals;SAN01SE-BA00123;SLPI ;REPO TRADE FINANCE 1 SOCIETE GENERAL
BONO 2: BANCO DE POUPANCA USD113.8M     ;25,29;CLO  ;CLO  ;EUR;49;USD;Y;600001;BANCO DE POUPANCA USD 113.8M  ;GLINTRC        ;INTRC;25,29;DR   ;INTAC;RTFSG;OST  ;04/06/2015 0:00;04/06/2015 0:00;Outstanding Accruals;SAN01SE-BA00123;SLPI ;REPO TRADE FINANCE 1 SOCIETE GENERAL
BONO 2: BANCO DE POUPANCA USD113.8M     ;28,19;CLO  ;CLO  ;EUR;49;USD;Y;600001;BANCO DE POUPANCA USD 113.8M  ;GLINTIN        ;INTIN;28,19;CR   ;INTAC;RTFSG;OST  ;04/06/2015 0:00;04/06/2015 0:00;Outstanding Accruals;SAN01SE-BA00131;SLPI ;REPO TRADE FINANCE 1 SOCIETE GENERAL
BONO 2: BANCO DE POUPANCA USD113.8M     ;28,19;CLO  ;CLO  ;EUR;49;USD;Y;600001;BANCO DE POUPANCA USD 113.8M  ;GLINTRC        ;INTRC;28,19;DR   ;INTAC;RTFSG;OST  ;04/06/2015 0:00;04/06/2015 0:00;Outstanding Accruals;SAN01SE-BA00131;SLPI ;REPO TRADE FINANCE 1 SOCIETE GENERAL
BONO 2: BANCO DE POUPANCA USD113.8M     ;28,26;CLO  ;CLO  ;EUR;49;USD;Y;600001;BANCO DE POUPANCA USD 113.8M  ;GLINTIN        ;INTIN;28,26;CR   ;INTAC;RTFSG;OST  ;04/06/2015 0:00;04/06/2015 0:00;Outstanding Accruals;SAN01SE-BA00112;SLPI ;REPO TRADE FINANCE 1 SOCIETE GENERAL
BONO 2: BANCO DE POUPANCA USD113.8M     ;28,26;CLO  ;CLO  ;EUR;49;USD;Y;600001;BANCO DE POUPANCA USD 113.8M  ;GLINTRC        ;INTRC;28,26;DR   ;INTAC;RTFSG;OST  ;04/06/2015 0:00;04/06/2015 0:00;Outstanding Accruals;SAN01SE-BA00112;SLPI ;REPO TRADE FINANCE 1 SOCIETE GENERAL
BONO 2: BANCO DE POUPANCA USD113.8M     ;29,15;CLO  ;CLO  ;EUR;49;USD;Y;600001;BANCO DE POUPANCA USD 113.8M  ;GLINTIN        ;INTIN;29,15;CR   ;INTAC;RTFSG;OST  ;04/06/2015 0:00;04/06/2015 0:00;Outstanding Accruals;SAN01SE-BA00138;SLPI ;REPO TRADE FINANCE 1 SOCIETE GENERAL
BONO 2: BANCO DE POUPANCA USD113.8M     ;29,15;CLO  ;CLO  ;EUR;49;USD;Y;600001;BANCO DE POUPANCA USD 113.8M  ;GLINTRC        ;INTRC;29,15;DR   ;INTAC;RTFSG;OST  ;04/06/2015 0:00;04/06/2015 0:00;Outstanding Accruals;SAN01SE-BA00138;SLPI ;REPO TRADE FINANCE 1 SOCIETE GENERAL
BONO 2: BANCO DE POUPANCA USD113.8M     ;30,4;CLO  ;CLO  ;EUR;49;USD;Y;600001;BANCO DE POUPANCA USD 113.8M  ;GLINTIN        ;INTIN;30,4;CR   ;INTAC;RTFSG;OST  ;04/06/2015 0:00;04/06/2015 0:00;Outstanding Accruals;SAN01SE-BA00128;SLPI ;REPO TRADE FINANCE 1 SOCIETE GENERAL
BONO 2: BANCO DE POUPANCA USD113.8M     ;30,4;CLO  ;CLO  ;EUR;49;USD;Y;600001;BANCO DE POUPANCA USD 113.8M  ;GLINTRC        ;INTRC;30,4;DR   ;INTAC;RTFSG;OST  ;04/06/2015 0:00;04/06/2015 0:00;Outstanding Accruals;SAN01SE-BA00128;SLPI ;REPO TRADE FINANCE 1 SOCIETE GENERAL
BONO 2: BANCO DE POUPANCA USD113.8M     ;36,34;CLO  ;CLO  ;EUR;49;USD;Y;600001;BANCO DE POUPANCA USD 113.8M  ;GLINTIN        ;INTIN;36,34;CR   ;INTAC;RTFSG;OST  ;04/06/2015 0:00;04/06/2015 0:00;Outstanding Accruals;SAN01SE-BA00126;SLPI ;REPO TRADE FINANCE 1 SOCIETE GENERAL
BONO 2: BANCO DE POUPANCA USD113.8M     ;36,34;CLO  ;CLO  ;EUR;49;USD;Y;600001;BANCO DE POUPANCA USD 113.8M  ;GLINTRC        ;INTRC;36,34;DR   ;INTAC;RTFSG;OST  ;04/06/2015 0:00;04/06/2015 0:00;Outstanding Accruals;SAN01SE-BA00126;SLPI ;REPO TRADE FINANCE 1 SOCIETE GENERAL
BONO 2: BANCO DE POUPANCA USD113.8M     ;37,26;CLO  ;CLO  ;EUR;49;USD;Y;600001;BANCO DE POUPANCA USD 113.8M  ;GLINTIN        ;INTIN;37,26;CR   ;INTAC;RTFSG;OST  ;04/06/2015 0:00;04/06/2015 0:00;Outstanding Accruals;SAN01SE-BA00116;SLPI ;REPO TRADE FINANCE 1 SOCIETE GENERAL
BONO 2: BANCO DE POUPANCA USD113.8M     ;37,26;CLO  ;CLO  ;EUR;49;USD;Y;600001;BANCO DE POUPANCA USD 113.8M  ;GLINTRC        ;INTRC;37,26;DR   ;INTAC;RTFSG;OST  ;04/06/2015 0:00;04/06/2015 0:00;Outstanding Accruals;SAN01SE-BA00116;SLPI ;REPO TRADE FINANCE 1 SOCIETE GENERAL
BONO 2: BANCO DE POUPANCA USD113.8M     ;40,88;CLO  ;CLO  ;EUR;49;USD;Y;600001;BANCO DE POUPANCA USD 113.8M  ;GLINTIN        ;INTIN;40,88;CR   ;INTAC;RTFSG;OST  ;04/06/2015 0:00;04/06/2015 0:00;Outstanding Accruals;SAN01SE-BA00113;SLPI ;REPO TRADE FINANCE 1 SOCIETE GENERAL
BONO 2: BANCO DE POUPANCA USD113.8M     ;40,88;CLO  ;CLO  ;EUR;49;USD;Y;600001;BANCO DE POUPANCA USD 113.8M  ;GLINTRC        ;INTRC;40,88;DR   ;INTAC;RTFSG;OST  ;04/06/2015 0:00;04/06/2015 0:00;Outstanding Accruals;SAN01SE-BA00113;SLPI ;REPO TRADE FINANCE 1 SOCIETE GENERAL
BONO 2: BANCO DE POUPANCA USD113.8M     ;50,07;CLO  ;CLO  ;EUR;49;USD;Y;600001;BANCO DE POUPANCA USD 113.8M  ;GLINTIN        ;INTIN;50,07;CR   ;INTAC;RTFSG;OST  ;04/06/2015 0:00;04/06/2015 0:00;Outstanding Accruals;SAN01SE-BA00140;SLPI ;REPO TRADE FINANCE 1 SOCIETE GENERAL
BONO 2: BANCO DE POUPANCA USD113.8M     ;50,07;CLO  ;CLO  ;EUR;49;USD;Y;600001;BANCO DE POUPANCA USD 113.8M  ;GLINTRC        ;INTRC;50,07;DR   ;INTAC;RTFSG;OST  ;04/06/2015 0:00;04/06/2015 0:00;Outstanding Accruals;SAN01SE-BA00140;SLPI ;REPO TRADE FINANCE 1 SOCIETE GENERAL
BONO 2: BANCO DE POUPANCA USD113.8M     ;50,79;CLO  ;CLO  ;EUR;49;USD;Y;600001;BANCO DE POUPANCA USD 113.8M  ;GLINTIN        ;INTIN;50,79;CR   ;INTAC;RTFSG;OST  ;04/06/2015 0:00;04/06/2015 0:00;Outstanding Accruals;SAN01SE-BA00130;SLPI ;REPO TRADE FINANCE 1 SOCIETE GENERAL
BONO 2: BANCO DE POUPANCA USD113.8M     ;50,79;CLO  ;CLO  ;EUR;49;USD;Y;600001;BANCO DE POUPANCA USD 113.8M  ;GLINTRC        ;INTRC;50,79;DR   ;INTAC;RTFSG;OST  ;04/06/2015 0:00;04/06/2015 0:00;Outstanding Accruals;SAN01SE-BA00130;SLPI ;REPO TRADE FINANCE 1 SOCIETE GENERAL
BONO 2: BANCO DE POUPANCA USD113.8M     ;59,9;CLO  ;CLO  ;EUR;49;USD;Y;600001;BANCO DE POUPANCA USD 113.8M  ;GLINTIN        ;INTIN;59,9;CR   ;INTAC;RTFSG;OST  ;04/06/2015 0:00;04/06/2015 0:00;Outstanding Accruals;SAN01SE-BA00125;SLPI ;REPO TRADE FINANCE 1 SOCIETE GENERAL
BONO 2: BANCO DE POUPANCA USD113.8M     ;59,9;CLO  ;CLO  ;EUR;49;USD;Y;600001;BANCO DE POUPANCA USD 113.8M  ;GLINTRC        ;INTRC;59,9;DR   ;INTAC;RTFSG;OST  ;04/06/2015 0:00;04/06/2015 0:00;Outstanding Accruals;SAN01SE-BA00125;SLPI ;REPO TRADE FINANCE 1 SOCIETE GENERAL
BONO 2: BANCO DE POUPANCA USD113.8M     ;66,17;CLO  ;CLO  ;EUR;49;USD;Y;600001;BANCO DE POUPANCA USD 113.8M  ;GLINTIN        ;INTIN;66,17;CR   ;INTAC;RTFSG;OST  ;04/06/2015 0:00;04/06/2015 0:00;Outstanding Accruals;SAN01SE-BA00143;SLPI ;REPO TRADE FINANCE 1 SOCIETE GENERAL
BONO 2: BANCO DE POUPANCA USD113.8M     ;66,17;CLO  ;CLO  ;EUR;49;USD;Y;600001;BANCO DE POUPANCA USD 113.8M  ;GLINTRC        ;INTRC;66,17;DR   ;INTAC;RTFSG;OST  ;04/06/2015 0:00;04/06/2015 0:00;Outstanding Accruals;SAN01SE-BA00143;SLPI ;REPO TRADE FINANCE 1 SOCIETE GENERAL
BONO 2: BANCO DE POUPANCA USD113.8M     ;106,58;CLO  ;CLO  ;EUR;49;USD;Y;600001;BANCO DE POUPANCA USD 113.8M  ;GLINTIN        ;INTIN;106,58;CR   ;INTAC;RTFSG;OST  ;04/06/2015 0:00;04/06/2015 0:00;Outstanding Accruals;SAN01SE-BA00127;SLPI ;REPO TRADE FINANCE 1 SOCIETE GENERAL
BONO 2: BANCO DE POUPANCA USD113.8M     ;106,58;CLO  ;CLO  ;EUR;49;USD;Y;600001;BANCO DE POUPANCA USD 113.8M  ;GLINTRC        ;INTRC;106,58;DR   ;INTAC;RTFSG;OST  ;04/06/2015 0:00;04/06/2015 0:00;Outstanding Accruals;SAN01SE-BA00127;SLPI ;REPO TRADE FINANCE 1 SOCIETE GENERAL
BONO 2: BANCO DE POUPANCA USD113.8M     ;140,01;CLO  ;CLO  ;EUR;49;USD;Y;600001;BANCO DE POUPANCA USD 113.8M  ;GLINTIN        ;INTIN;140,01;CR   ;INTAC;RTFSG;OST  ;04/06/2015 0:00;04/06/2015 0:00;Outstanding Accruals;SAN01SE-BA00115;SLPI ;REPO TRADE FINANCE 1 SOCIETE GENERAL
BONO 2: BANCO DE POUPANCA USD113.8M     ;140,01;CLO  ;CLO  ;EUR;49;USD;Y;600001;BANCO DE POUPANCA USD 113.8M  ;GLINTRC        ;INTRC;140,01;DR   ;INTAC;RTFSG;OST  ;04/06/2015 0:00;04/06/2015 0:00;Outstanding Accruals;SAN01SE-BA00115;SLPI ;REPO TRADE FINANCE 1 SOCIETE GENERAL
BONO 2: BANCO DE POUPANCA USD113.8M     ;361,96;CLO  ;CLO  ;EUR;49;USD;Y;600001;BANCO DE POUPANCA USD 113.8M  ;GLINTIN        ;INTIN;361,96;CR   ;INTAC;RTFSG;OST  ;04/06/2015 0:00;04/06/2015 0:00;Outstanding Accruals;SAN01SE-BA00121;SLPI ;REPO TRADE FINANCE 1 SOCIETE GENERAL
BONO 2: BANCO DE POUPANCA USD113.8M     ;361,96;CLO  ;CLO  ;EUR;49;USD;Y;600001;BANCO DE POUPANCA USD 113.8M  ;GLINTRC        ;INTRC;361,96;DR   ;INTAC;RTFSG;OST  ;04/06/2015 0:00;04/06/2015 0:00;Outstanding Accruals;SAN01SE-BA00121;SLPI ;REPO TRADE FINANCE 1 SOCIETE GENERAL
BONO 2: BANCO DE POUPANCA USD113.8M     ;444,85;CLO  ;CLO  ;EUR;49;USD;Y;600001;BANCO DE POUPANCA USD 113.8M  ;GLINTIN        ;INTIN;444,85;CR   ;INTAC;RTFSG;OST  ;04/06/2015 0:00;04/06/2015 0:00;Outstanding Accruals;SAN01SE-BA00118;SLPI ;REPO TRADE FINANCE 1 SOCIETE GENERAL
BONO 2: BANCO DE POUPANCA USD113.8M     ;444,85;CLO  ;CLO  ;EUR;49;USD;Y;600001;BANCO DE POUPANCA USD 113.8M  ;GLINTRC        ;INTRC;444,85;DR   ;INTAC;RTFSG;OST  ;04/06/2015 0:00;04/06/2015 0:00;Outstanding Accruals;SAN01SE-BA00118;SLPI ;REPO TRADE FINANCE 1 SOCIETE GENERAL
BONO 2: BANCO DE POUPANCA USD113.8M     ;2995751,92;CLO  ;CLO  ;EUR;49;USD;Y;600001;BANCO DE POUPANCA USD 113.8M  ;UNCOC          ;UNCOC;2995751,92;CR   ;UNCOM;RTFSG;FAC  ;04/06/2015 0:00;04/06/2015 0:00;Unused Commitment Posting;;;REPO TRADE FINANCE 1 SOCIETE GENERAL
BONO 2: BANCO DE POUPANCA USD113.8M     ;2995751,92;CLO  ;CLO  ;EUR;49;USD;Y;600001;BANCO DE POUPANCA USD 113.8M  ;UNCOM          ;UNCOM;2995751,92;DR   ;UNCOM;RTFSG;FAC  ;04/06/2015 0:00;04/06/2015 0:00;Unused Commitment Posting;;;REPO TRADE FINANCE 1 SOCIETE GENERAL
BONO 2: CFE 491MM USD 07/04/2011        ;921;CLO  ;CLO  ;EUR;49;USD;Y;600001;CFE 491MM                     ;GLINTIN        ;INTIN;921;CR   ;INTAC;RTFSG;OST  ;04/06/2015 0:00;04/06/2015 0:00;Outstanding Accruals;SAN5CFE-CO00002;SLPI ;REPO TRADE FINANCE 1 SOCIETE GENERAL
BONO 2: CFE 491MM USD 07/04/2011        ;921;CLO  ;CLO  ;EUR;49;USD;Y;600001;CFE 491MM                     ;GLINTRC        ;INTRC;921;DR   ;INTAC;RTFSG;OST  ;04/06/2015 0:00;04/06/2015 0:00;Outstanding Accruals;SAN5CFE-CO00002;SLPI ;REPO TRADE FINANCE 1 SOCIETE GENERAL
BONO 2: ISAGEN 73MM EUR 22/11/12        ;-11405040,92;CLO  ;CLO  ;EUR;49;USD;Y;600001;ISAGEN                        ;UNCOC          ;UNCOC;11405040,92;DR   ;UNCOM;RTFSG;FAC  ;04/06/2015 0:00;04/06/2015 0:00;Unused Commitment Posting;;;REPO TRADE FINANCE 1 SOCIETE GENERAL
BONO 2: ISAGEN 73MM EUR 22/11/12        ;-11405040,92;CLO  ;CLO  ;EUR;49;USD;Y;600001;ISAGEN                        ;UNCOM          ;UNCOM;11405040,92;CR   ;UNCOM;RTFSG;FAC  ;04/06/2015 0:00;04/06/2015 0:00;Unused Commitment Posting;;;REPO TRADE FINANCE 1 SOCIETE GENERAL
BONO 2: ISAGEN 73MM EUR 22/11/12        ;127,3;CLO  ;CLO  ;EUR;49;USD;Y;600001;ISAGEN                        ;GLINTIN        ;INTIN;127,3;CR   ;INTAC;RTFSG;OST  ;04/06/2015 0:00;04/06/2015 0:00;Outstanding Accruals;SANISAG-IS00007;SLPI ;REPO TRADE FINANCE 1 SOCIETE GENERAL
BONO 2: ISAGEN 73MM EUR 22/11/12        ;127,3;CLO  ;CLO  ;EUR;49;USD;Y;600001;ISAGEN                        ;GLINTRC        ;INTRC;127,3;DR   ;INTAC;RTFSG;OST  ;04/06/2015 0:00;04/06/2015 0:00;Outstanding Accruals;SANISAG-IS00007;SLPI ;REPO TRADE FINANCE 1 SOCIETE GENERAL
BONO 2: ISAGEN 73MM EUR 22/11/12        ;2751,34;CLO  ;CLO  ;EUR;49;USD;Y;600001;ISAGEN                        ;GLINTIN        ;INTIN;2751,34;CR   ;INTAC;RTFSG;OST  ;04/06/2015 0:00;04/06/2015 0:00;Outstanding Accruals;SANISAG-IS00006;SLPI ;REPO TRADE FINANCE 1 SOCIETE GENERAL
BONO 2: ISAGEN 73MM EUR 22/11/12        ;2751,34;CLO  ;CLO  ;EUR;49;USD;Y;600001;ISAGEN                        ;GLINTRC        ;INTRC;2751,34;DR   ;INTAC;RTFSG;OST  ;04/06/2015 0:00;04/06/2015 0:00;Outstanding Accruals;SANISAG-IS00006;SLPI ;REPO TRADE FINANCE 1 SOCIETE GENERAL
BONO 2: ISAGEN 73MM EUR 22/11/12        ;11405040,92;CLO  ;CLO  ;EUR;49;USD;Y;600001;ISAGEN                        ;UNCOC          ;UNCOC;11405040,92;CR   ;UNCOM;RTFSG;FAC  ;04/06/2015 0:00;04/06/2015 0:00;Unused Commitment Posting;;;REPO TRADE FINANCE 1 SOCIETE GENERAL
BONO 2: ISAGEN 73MM EUR 22/11/12        ;11405040,92;CLO  ;CLO  ;EUR;49;USD;Y;600001;ISAGEN                        ;UNCOM          ;UNCOM;11405040,92;DR   ;UNCOM;RTFSG;FAC  ;04/06/2015 0:00;04/06/2015 0:00;Unused Commitment Posting;;;REPO TRADE FINANCE 1 SOCIETE GENERAL
BONO 2: MMX PORTO SUDES USD90.6M15/11/11;-0,01;CLO  ;CLO  ;EUR;49;USD;Y;600001;MMX PORTO I                   ;UNCOC          ;UNCOC;0,01;DR   ;UNCOM;RTFSG;FAC  ;04/06/2015 0:00;04/06/2015 0:00;Unused Commitment Posting;;;REPO TRADE FINANCE 1 SOCIETE GENERAL
BONO 2: MMX PORTO SUDES USD90.6M15/11/11;-0,01;CLO  ;CLO  ;EUR;49;USD;Y;600001;MMX PORTO I                   ;UNCOM          ;UNCOM;0,01;CR   ;UNCOM;RTFSG;FAC  ;04/06/2015 0:00;04/06/2015 0:00;Unused Commitment Posting;;;REPO TRADE FINANCE 1 SOCIETE GENERAL
BONO 2: MMX PORTO SUDES USD90.6M15/11/11;0,01;CLO  ;CLO  ;EUR;49;USD;Y;600001;MMX PORTO I                   ;UNCOC          ;UNCOC;0,01;CR   ;UNCOM;RTFSG;FAC  ;04/06/2015 0:00;04/06/2015 0:00;Unused Commitment Posting;;;REPO TRADE FINANCE 1 SOCIETE GENERAL
BONO 2: MMX PORTO SUDES USD90.6M15/11/11;0,01;CLO  ;CLO  ;EUR;49;USD;Y;600001;MMX PORTO I                   ;UNCOM          ;UNCOM;0,01;DR   ;UNCOM;RTFSG;FAC  ;04/06/2015 0:00;04/06/2015 0:00;Unused Commitment Posting;;;REPO TRADE FINANCE 1 SOCIETE GENERAL
BONO 2: MMX PORTO SUDES USD90.6M15/11/11;25,06;CLO  ;CLO  ;EUR;49;USD;Y;600001;MMX PORTO I                   ;GLINTIN        ;INTIN;25,06;CR   ;INTAC;RTFSG;OST  ;04/06/2015 0:00;04/06/2015 0:00;Outstanding Accruals;SANY17J-MM00030;SLPI ;REPO TRADE FINANCE 1 SOCIETE GENERAL
BONO 2: MMX PORTO SUDES USD90.6M15/11/11;25,06;CLO  ;CLO  ;EUR;49;USD;Y;600001;MMX PORTO I                   ;GLINTRC        ;INTRC;25,06;DR   ;INTAC;RTFSG;OST  ;04/06/2015 0:00;04/06/2015 0:00;Outstanding Accruals;SANY17J-MM00030;SLPI ;REPO TRADE FINANCE 1 SOCIETE GENERAL
BONO 2: MMX PORTO SUDES USD90.6M15/11/11;39,11;CLO  ;CLO  ;EUR;49;USD;Y;600001;MMX PORTO I                   ;GLINTIN        ;INTIN;39,11;CR   ;INTAC;RTFSG;OST  ;04/06/2015 0:00;04/06/2015 0:00;Outstanding Accruals;SANY17J-MM00029;SLPI ;REPO TRADE FINANCE 1 SOCIETE GENERAL
BONO 2: MMX PORTO SUDES USD90.6M15/11/11;39,11;CLO  ;CLO  ;EUR;49;USD;Y;600001;MMX PORTO I                   ;GLINTRC        ;INTRC;39,11;DR   ;INTAC;RTFSG;OST  ;04/06/2015 0:00;04/06/2015 0:00;Outstanding Accruals;SANY17J-MM00029;SLPI ;REPO TRADE FINANCE 1 SOCIETE GENERAL
BONO 2: MMX PORTO SUDES USD90.6M15/11/11;1024,08;CLO  ;CLO  ;EUR;49;USD;Y;600001;MMX PORTO I                   ;GLINTIN        ;INTIN;1024,08;CR   ;INTAC;RTFSG;OST  ;04/06/2015 0:00;04/06/2015 0:00;Outstanding Accruals;SANY17J-MM00027;SLPI ;REPO TRADE FINANCE 1 SOCIETE GENERAL
BONO 2: MMX PORTO SUDES USD90.6M15/11/11;1024,08;CLO  ;CLO  ;EUR;49;USD;Y;600001;MMX PORTO I                   ;GLINTRC        ;INTRC;1024,08;DR   ;INTAC;RTFSG;OST  ;04/06/2015 0:00;04/06/2015 0:00;Outstanding Accruals;SANY17J-MM00027;SLPI ;REPO TRADE FINANCE 1 SOCIETE GENERAL
BONO 2: MMX PORTO SUDES USD90.6M15/11/11;3829,25;CLO  ;CLO  ;EUR;49;USD;Y;600001;MMX PORTO I                   ;GLINTIN        ;INTIN;3829,25;CR   ;INTAC;RTFSG;OST  ;04/06/2015 0:00;04/06/2015 0:00;Outstanding Accruals;SANY17J-MM00028;SLPI ;REPO TRADE FINANCE 1 SOCIETE GENERAL
BONO 2: MMX PORTO SUDES USD90.6M15/11/11;3829,25;CLO  ;CLO  ;EUR;49;USD;Y;600001;MMX PORTO I                   ;GLINTRC        ;INTRC;3829,25;DR   ;INTAC;RTFSG;OST  ;04/06/2015 0:00;04/06/2015 0:00;Outstanding Accruals;SANY17J-MM00028;SLPI ;REPO TRADE FINANCE 1 SOCIETE GENERAL
BONO 2: MRTT FINANCE 1090MM USD AMP     ;3006,94;CLO  ;CLO  ;EUR;49;USD;Y;600001;MRTT FINANCE 1090MM USD AMP   ;GLINTIN        ;INTIN;3006,94;CR   ;INTAC;RTFSG;OST  ;04/06/2015 0:00;04/06/2015 0:00;Outstanding Accruals;SANS3F6-ST00014;SLPI ;REPO TRADE FINANCE 1 SOCIETE GENERAL
BONO 2: MRTT FINANCE 1090MM USD AMP     ;3006,94;CLO  ;CLO  ;EUR;49;USD;Y;600001;MRTT FINANCE 1090MM USD AMP   ;GLINTRC        ;INTRC;3006,94;DR   ;INTAC;RTFSG;OST  ;04/06/2015 0:00;04/06/2015 0:00;Outstanding Accruals;SANS3F6-ST00014;SLPI ;REPO TRADE FINANCE 1 SOCIETE GENERAL
BONO 2: MRTT FINANCE 1090MM USD AMP     ;4735,18;CLO  ;CLO  ;EUR;49;USD;Y;600001;MRTT FINANCE 1090MM USD AMP   ;GLINTIN        ;INTIN;4735,18;CR   ;INTAC;RTFSG;OST  ;04/06/2015 0:00;04/06/2015 0:00;Outstanding Accruals;SANS3F6-ST00013;SLPI ;REPO TRADE FINANCE 1 SOCIETE GENERAL
BONO 2: MRTT FINANCE 1090MM USD AMP     ;4735,18;CLO  ;CLO  ;EUR;49;USD;Y;600001;MRTT FINANCE 1090MM USD AMP   ;GLINTRC        ;INTRC;4735,18;DR   ;INTAC;RTFSG;OST  ;04/06/2015 0:00;04/06/2015 0:00;Outstanding Accruals;SANS3F6-ST00013;SLPI ;REPO TRADE FINANCE 1 SOCIETE GENERAL
BONO 2: MRTT FINANCE 1090MM USD AMP     ;5744,99;CLO  ;CLO  ;EUR;49;USD;Y;600001;MRTT FINANCE 1090MM USD AMP   ;GLINTIN        ;INTIN;5744,99;CR   ;INTAC;RTFSG;OST  ;04/06/2015 0:00;04/06/2015 0:00;Outstanding Accruals;SANS3F6-ST00012;SLPI ;REPO TRADE FINANCE 1 SOCIETE GENERAL
BONO 2: MRTT FINANCE 1090MM USD AMP     ;5744,99;CLO  ;CLO  ;EUR;49;USD;Y;600001;MRTT FINANCE 1090MM USD AMP   ;GLINTRC        ;INTRC;5744,99;DR   ;INTAC;RTFSG;OST  ;04/06/2015 0:00;04/06/2015 0:00;Outstanding Accruals;SANS3F6-ST00012;SLPI ;REPO TRADE FINANCE 1 SOCIETE GENERAL
BONO 2: MRTT FINANCE 1090MM USD AMP     ;23731,83;CLO  ;CLO  ;EUR;49;USD;Y;600001;MRTT FINANCE 1090MM USD AMP   ;GLINTIN        ;INTIN;23731,83;CR   ;INTAC;RTFSG;OST  ;04/06/2015 0:00;04/06/2015 0:00;Outstanding Accruals;SANS3F6-ST00011;SLPI ;REPO TRADE FINANCE 1 SOCIETE GENERAL
BONO 2: MRTT FINANCE 1090MM USD AMP     ;23731,83;CLO  ;CLO  ;EUR;49;USD;Y;600001;MRTT FINANCE 1090MM USD AMP   ;GLINTRC        ;INTRC;23731,83;DR   ;INTAC;RTFSG;OST  ;04/06/2015 0:00;04/06/2015 0:00;Outstanding Accruals;SANS3F6-ST00011;SLPI ;REPO TRADE FINANCE 1 SOCIETE GENERAL
BONO 2: PETROBRAS NETHERLAND 500MM USD  ;2085,97;CLO  ;CLO  ;EUR;49;USD;Y;600001;PETROBRAS 500MM USD SACE      ;GLINTIN        ;INTIN;2085,97;CR   ;INTAC;RTFSG;OST  ;04/06/2015 0:00;04/06/2015 0:00;Outstanding Accruals;SANP1JV-PE00018;SLPI ;REPO TRADE FINANCE 1 SOCIETE GENERAL
BONO 2: PETROBRAS NETHERLAND 500MM USD  ;2085,97;CLO  ;CLO  ;EUR;49;USD;Y;600001;PETROBRAS 500MM USD SACE      ;GLINTRC        ;INTRC;2085,97;DR   ;INTAC;RTFSG;OST  ;04/06/2015 0:00;04/06/2015 0:00;Outstanding Accruals;SANP1JV-PE00018;SLPI ;REPO TRADE FINANCE 1 SOCIETE GENERAL
BONO 2: SITREL 42.6MM USD 16/05/2012    ;2271,49;CLO  ;CLO  ;EUR;49;USD;Y;600001;SITREL 42.6MM                 ;GLINTIN        ;INTIN;2271,49;CR   ;INTAC;RTFSG;OST  ;04/06/2015 0:00;04/06/2015 0:00;Outstanding Accruals;SANTNP2-SI00011;SLPI ;REPO TRADE FINANCE 1 SOCIETE GENERAL
BONO 2: SITREL 42.6MM USD 16/05/2012    ;2271,49;CLO  ;CLO  ;EUR;49;USD;Y;600001;SITREL 42.6MM                 ;GLINTRC        ;INTRC;2271,49;DR   ;INTAC;RTFSG;OST  ;04/06/2015 0:00;04/06/2015 0:00;Outstanding Accruals;SANTNP2-SI00011;SLPI ;REPO TRADE FINANCE 1 SOCIETE GENERAL
BONO 2: TURKIYE PETROL USD 624.3MM      ;-1042105,26;CLO  ;CLO  ;EUR;49;USD;Y;600001;TUPRAS SACE FIXED             ;UNCOC          ;UNCOC;1042105,26;DR   ;UNCOM;RTFSG;FAC  ;04/06/2015 0:00;04/06/2015 0:00;Unused Commitment Posting;;;REPO TRADE FINANCE 1 SOCIETE GENERAL
BONO 2: TURKIYE PETROL USD 624.3MM      ;-1042105,26;CLO  ;CLO  ;EUR;49;USD;Y;600001;TUPRAS SACE FIXED             ;UNCOM          ;UNCOM;1042105,26;CR   ;UNCOM;RTFSG;FAC  ;04/06/2015 0:00;04/06/2015 0:00;Unused Commitment Posting;;;REPO TRADE FINANCE 1 SOCIETE GENERAL
BONO 2: TURKIYE PETROL USD 624.3MM      ;-386398,74;CLO  ;CLO  ;EUR;49;USD;Y;600001;TUPRAS SACE FLOATING          ;UNCOC          ;UNCOC;386398,74;DR   ;UNCOM;B2SGB;FAC  ;04/06/2015 0:00;04/06/2015 0:00;Unused Commitment Posting;;;BONO 2 USD SGBM Asset Mobilization
BONO 2: TURKIYE PETROL USD 624.3MM      ;-386398,74;CLO  ;CLO  ;EUR;49;USD;Y;600001;TUPRAS SACE FLOATING          ;UNCOM          ;UNCOM;386398,74;CR   ;UNCOM;B2SGB;FAC  ;04/06/2015 0:00;04/06/2015 0:00;Unused Commitment Posting;;;BONO 2 USD SGBM Asset Mobilization
BONO 2: TURKIYE PETROL USD 624.3MM      ;1629,52;CLO  ;CLO  ;EUR;49;USD;Y;600001;TUPRAS SACE FLOATING          ;940033;INTRC;1629,52;DR   ;INTAC;B2SGB;OST  ;04/06/2015 0:00;04/06/2015 0:00;Outstanding Accruals;SAN5TUP-TU00098;SLPI ;BONO 2 USD SGBM Asset Mobilization
BONO 2: TURKIYE PETROL USD 624.3MM      ;1629,52;CLO  ;CLO  ;EUR;49;USD;Y;600001;TUPRAS SACE FLOATING          ;969039;INTIN;1629,52;CR   ;INTAC;B2SGB;OST  ;04/06/2015 0:00;04/06/2015 0:00;Outstanding Accruals;SAN5TUP-TU00098;SLPI ;BONO 2 USD SGBM Asset Mobilization
BONO 2: TURKIYE PETROL USD 624.3MM      ;2532,88;CLO  ;CLO  ;EUR;49;USD;Y;600001;TUPRAS SACE FIXED             ;GLINTIN        ;INTIN;2532,88;CR   ;INTAC;RTFSG;OST  ;04/06/2015 0:00;04/06/2015 0:00;Outstanding Accruals;SAN5TUP-TU00096;SLPI ;REPO TRADE FINANCE 1 SOCIETE GENERAL
BONO 2: TURKIYE PETROL USD 624.3MM      ;2532,88;CLO  ;CLO  ;EUR;49;USD;Y;600001;TUPRAS SACE FIXED             ;GLINTRC        ;INTRC;2532,88;DR   ;INTAC;RTFSG;OST  ;04/06/2015 0:00;04/06/2015 0:00;Outstanding Accruals;SAN5TUP-TU00096;SLPI ;REPO TRADE FINANCE 1 SOCIETE GENERAL
BONO 2: TURKIYE PETROL USD 624.3MM      ;386398,74;CLO  ;CLO  ;EUR;49;USD;Y;600001;TUPRAS SACE FLOATING          ;UNCOC          ;UNCOC;386398,74;CR   ;UNCOM;B2SGB;FAC  ;04/06/2015 0:00;04/06/2015 0:00;Unused Commitment Posting;;;BONO 2 USD SGBM Asset Mobilization
BONO 2: TURKIYE PETROL USD 624.3MM      ;386398,74;CLO  ;CLO  ;EUR;49;USD;Y;600001;TUPRAS SACE FLOATING          ;UNCOM          ;UNCOM;386398,74;DR   ;UNCOM;B2SGB;FAC  ;04/06/2015 0:00;04/06/2015 0:00;Unused Commitment Posting;;;BONO 2 USD SGBM Asset Mobilization
BONO 2: TURKIYE PETROL USD 624.3MM      ;1042105,26;CLO  ;CLO  ;EUR;49;USD;Y;600001;TUPRAS SACE FIXED             ;UNCOC          ;UNCOC;1042105,26;CR   ;UNCOM;RTFSG;FAC  ;04/06/2015 0:00;04/06/2015 0:00;Unused Commitment Posting;;;REPO TRADE FINANCE 1 SOCIETE GENERAL
BONO 2: TURKIYE PETROL USD 624.3MM      ;1042105,26;CLO  ;CLO  ;EUR;49;USD;Y;600001;TUPRAS SACE FIXED             ;UNCOM          ;UNCOM;1042105,26;DR   ;UNCOM;RTFSG;FAC  ;04/06/2015 0:00;04/06/2015 0:00;Unused Commitment Posting;;;REPO TRADE FINANCE 1 SOCIETE GENERAL
BONO 2:AVIACION DE NORONHA LIMITED      ;-2;CLO  ;CLO  ;EUR;49;USD;Y;600003;BTEP300999-03                 ;UNCOC          ;UNCOC;2;DR   ;UNCOM;RTFSG;FAC  ;04/06/2015 0:00;04/06/2015 0:00;Unused Commitment Posting;;;REPO TRADE FINANCE 1 SOCIETE GENERAL
BONO 2:AVIACION DE NORONHA LIMITED      ;-2;CLO  ;CLO  ;EUR;49;USD;Y;600003;BTEP300999-03                 ;UNCOM          ;UNCOM;2;CR   ;UNCOM;RTFSG;FAC  ;04/06/2015 0:00;04/06/2015 0:00;Unused Commitment Posting;;;REPO TRADE FINANCE 1 SOCIETE GENERAL
BONO 2:AVIACION DE NORONHA LIMITED      ;2;CLO  ;CLO  ;EUR;49;USD;Y;600003;BTEP300999-03                 ;UNCOC          ;UNCOC;2;CR   ;UNCOM;RTFSG;FAC  ;04/06/2015 0:00;04/06/2015 0:00;Unused Commitment Posting;;;REPO TRADE FINANCE 1 SOCIETE GENERAL
BONO 2:AVIACION DE NORONHA LIMITED      ;2;CLO  ;CLO  ;EUR;49;USD;Y;600003;BTEP300999-03                 ;UNCOM          ;UNCOM;2;DR   ;UNCOM;RTFSG;FAC  ;04/06/2015 0:00;04/06/2015 0:00;Unused Commitment Posting;;;REPO TRADE FINANCE 1 SOCIETE GENERAL
BONO 2:AVIACION DE NORONHA LIMITED      ;1477,08;CLO  ;CLO  ;EUR;49;USD;Y;600003;BTEP300999-01                 ;GLINTIN        ;INTIN;1477,08;CR   ;INTAC;RTFSG;OST  ;04/06/2015 0:00;04/06/2015 0:00;Outstanding Accruals;SAN4ERT-ME00031;SLPI ;REPO TRADE FINANCE 1 SOCIETE GENERAL
BONO 2:AVIACION DE NORONHA LIMITED      ;1477,08;CLO  ;CLO  ;EUR;49;USD;Y;600003;BTEP300999-01                 ;GLINTRC        ;INTRC;1477,08;DR   ;INTAC;RTFSG;OST  ;04/06/2015 0:00;04/06/2015 0:00;Outstanding Accruals;SAN4ERT-ME00031;SLPI ;REPO TRADE FINANCE 1 SOCIETE GENERAL
BONO 2:AVIACION DE NORONHA LIMITED      ;1523,01;CLO  ;CLO  ;EUR;49;USD;Y;600003;BTEP300999-02                 ;GLINTIN        ;INTIN;1523,01;CR   ;INTAC;RTFSG;OST  ;04/06/2015 0:00;04/06/2015 0:00;Outstanding Accruals;SAN4ERT-ME00032;SLPI ;REPO TRADE FINANCE 1 SOCIETE GENERAL
BONO 2:AVIACION DE NORONHA LIMITED      ;1523,01;CLO  ;CLO  ;EUR;49;USD;Y;600003;BTEP300999-02                 ;GLINTRC        ;INTRC;1523,01;DR   ;INTAC;RTFSG;OST  ;04/06/2015 0:00;04/06/2015 0:00;Outstanding Accruals;SAN4ERT-ME00032;SLPI ;REPO TRADE FINANCE 1 SOCIETE GENERAL
BONO 2:AVIACION DE NORONHA LIMITED      ;1523,01;CLO  ;CLO  ;EUR;49;USD;Y;600003;BTEP300999-03                 ;GLINTIN        ;INTIN;1523,01;CR   ;INTAC;RTFSG;OST  ;04/06/2015 0:00;04/06/2015 0:00;Outstanding Accruals;SAN4ERT-ME00033;SLPI ;REPO TRADE FINANCE 1 SOCIETE GENERAL
BONO 2:AVIACION DE NORONHA LIMITED      ;1523,01;CLO  ;CLO  ;EUR;49;USD;Y;600003;BTEP300999-03                 ;GLINTRC        ;INTRC;1523,01;DR   ;INTAC;RTFSG;OST  ;04/06/2015 0:00;04/06/2015 0:00;Outstanding Accruals;SAN4ERT-ME00033;SLPI ;REPO TRADE FINANCE 1 SOCIETE GENERAL
BONO 2:BLUE TURBO USD 165MM 14/10/11    ;-41250000;CLO  ;CLO  ;EUR;49;USD;Y;600001;COFACE                        ;UNCOC          ;UNCOC;41250000;DR   ;UNCOM;RTFSG;FAC  ;04/06/2015 0:00;04/06/2015 0:00;Unused Commitment Posting;;;REPO TRADE FINANCE 1 SOCIETE GENERAL
BONO 2:BLUE TURBO USD 165MM 14/10/11    ;-41250000;CLO  ;CLO  ;EUR;49;USD;Y;600001;COFACE                        ;UNCOM          ;UNCOM;41250000;CR   ;UNCOM;RTFSG;FAC  ;04/06/2015 0:00;04/06/2015 0:00;Unused Commitment Posting;;;REPO TRADE FINANCE 1 SOCIETE GENERAL
BONO 2:BLUE TURBO USD 165MM 14/10/11    ;-41250000;CLO  ;CLO  ;EUR;49;USD;Y;600001;SACE                          ;UNCOC          ;UNCOC;41250000;DR   ;UNCOM;RTFSG;FAC  ;04/06/2015 0:00;04/06/2015 0:00;Unused Commitment Posting;;;REPO TRADE FINANCE 1 SOCIETE GENERAL
BONO 2:BLUE TURBO USD 165MM 14/10/11    ;-41250000;CLO  ;CLO  ;EUR;49;USD;Y;600001;SACE                          ;UNCOM          ;UNCOM;41250000;CR   ;UNCOM;RTFSG;FAC  ;04/06/2015 0:00;04/06/2015 0:00;Unused Commitment Posting;;;REPO TRADE FINANCE 1 SOCIETE GENERAL
BONO 2:BLUE TURBO USD 165MM 14/10/11    ;41250000;CLO  ;CLO  ;EUR;49;USD;Y;600001;COFACE                        ;UNCOC          ;UNCOC;41250000;CR   ;UNCOM;RTFSG;FAC  ;04/06/2015 0:00;04/06/2015 0:00;Unused Commitment Posting;;;REPO TRADE FINANCE 1 SOCIETE GENERAL
BONO 2:BLUE TURBO USD 165MM 14/10/11    ;41250000;CLO  ;CLO  ;EUR;49;USD;Y;600001;COFACE                        ;UNCOM          ;UNCOM;41250000;DR   ;UNCOM;RTFSG;FAC  ;04/06/2015 0:00;04/06/2015 0:00;Unused Commitment Posting;;;REPO TRADE FINANCE 1 SOCIETE GENERAL
BONO 2:BLUE TURBO USD 165MM 14/10/11    ;41250000;CLO  ;CLO  ;EUR;49;USD;Y;600001;SACE                          ;UNCOC          ;UNCOC;41250000;CR   ;UNCOM;RTFSG;FAC  ;04/06/2015 0:00;04/06/2015 0:00;Unused Commitment Posting;;;REPO TRADE FINANCE 1 SOCIETE GENERAL
BONO 2:BLUE TURBO USD 165MM 14/10/11    ;41250000;CLO  ;CLO  ;EUR;49;USD;Y;600001;SACE                          ;UNCOM          ;UNCOM;41250000;DR   ;UNCOM;RTFSG;FAC  ;04/06/2015 0:00;04/06/2015 0:00;Unused Commitment Posting;;;REPO TRADE FINANCE 1 SOCIETE GENERAL
BONO 2:DOMINICA ENERG 104M USD 18DIC2014;703,95;CLO  ;CLO  ;EUR;49;USD;Y;600001;ECA FACILITY AGREEMENT        ;GLINTIN        ;INTIN;703,95;CR   ;INTAC;RTFSG;OST  ;04/06/2015 0:00;04/06/2015 0:00;Outstanding Accruals;SAN20KR-DO00004;SLPI ;REPO TRADE FINANCE 1 SOCIETE GENERAL
BONO 2:DOMINICA ENERG 104M USD 18DIC2014;703,95;CLO  ;CLO  ;EUR;49;USD;Y;600001;ECA FACILITY AGREEMENT        ;GLINTRC        ;INTRC;703,95;DR   ;INTAC;RTFSG;OST  ;04/06/2015 0:00;04/06/2015 0:00;Outstanding Accruals;SAN20KR-DO00004;SLPI ;REPO TRADE FINANCE 1 SOCIETE GENERAL
BONO 2:DOMINICA ENERG 104M USD 18DIC2014;6000,56;CLO  ;CLO  ;EUR;49;USD;Y;600001;ECA FACILITY AGREEMENT        ;GLINTIN        ;INTIN;6000,56;CR   ;INTAC;RTFSG;OST  ;04/06/2015 0:00;04/06/2015 0:00;Outstanding Accruals;SAN20KR-DO00003;SLPI ;REPO TRADE FINANCE 1 SOCIETE GENERAL
BONO 2:DOMINICA ENERG 104M USD 18DIC2014;6000,56;CLO  ;CLO  ;EUR;49;USD;Y;600001;ECA FACILITY AGREEMENT        ;GLINTRC        ;INTRC;6000,56;DR   ;INTAC;RTFSG;OST  ;04/06/2015 0:00;04/06/2015 0:00;Outstanding Accruals;SAN20KR-DO00003;SLPI ;REPO TRADE FINANCE 1 SOCIETE GENERAL
BONO 2:ESTADOS UNIDOS D MEXICO 500M 2602;-35790957,97;CLO  ;CLO  ;EUR;49;USD;Y;600001;SEMAR 1 EADS                  ;UNCOC          ;UNCOC;35790957,97;DR   ;UNCOM;RTFSG;FAC  ;04/06/2015 0:00;04/06/2015 0:00;Unused Commitment Posting;;;REPO TRADE FINANCE 1 SOCIETE GENERAL
BONO 2:ESTADOS UNIDOS D MEXICO 500M 2602;-35790957,97;CLO  ;CLO  ;EUR;49;USD;Y;600001;SEMAR 1 EADS                  ;UNCOM          ;UNCOM;35790957,97;CR   ;UNCOM;RTFSG;FAC  ;04/06/2015 0:00;04/06/2015 0:00;Unused Commitment Posting;;;REPO TRADE FINANCE 1 SOCIETE GENERAL
BONO 2:ESTADOS UNIDOS D MEXICO 500M 2602;2847,72;CLO  ;CLO  ;EUR;49;USD;Y;600001;SEMAR 2 EADS                  ;GLINTIN        ;INTIN;2847,72;CR   ;INTAC;RTFSG;OST  ;04/06/2015 0:00;04/06/2015 0:00;Outstanding Accruals;SAN8GMX-UN00012;SLPI ;REPO TRADE FINANCE 1 SOCIETE GENERAL
BONO 2:ESTADOS UNIDOS D MEXICO 500M 2602;2847,72;CLO  ;CLO  ;EUR;49;USD;Y;600001;SEMAR 2 EADS                  ;GLINTRC        ;INTRC;2847,72;DR   ;INTAC;RTFSG;OST  ;04/06/2015 0:00;04/06/2015 0:00;Outstanding Accruals;SAN8GMX-UN00012;SLPI ;REPO TRADE FINANCE 1 SOCIETE GENERAL
BONO 2:ESTADOS UNIDOS D MEXICO 500M 2602;3566,68;CLO  ;CLO  ;EUR;49;USD;Y;600001;SEMAR 3 EADS                  ;GLINTIN        ;INTIN;3566,68;CR   ;INTAC;RTFSG;OST  ;04/06/2015 0:00;04/06/2015 0:00;Outstanding Accruals;SAN8GMX-UN00013;SLPI ;REPO TRADE FINANCE 1 SOCIETE GENERAL
BONO 2:ESTADOS UNIDOS D MEXICO 500M 2602;3566,68;CLO  ;CLO  ;EUR;49;USD;Y;600001;SEMAR 3 EADS                  ;GLINTRC        ;INTRC;3566,68;DR   ;INTAC;RTFSG;OST  ;04/06/2015 0:00;04/06/2015 0:00;Outstanding Accruals;SAN8GMX-UN00013;SLPI ;REPO TRADE FINANCE 1 SOCIETE GENERAL
BONO 2:ESTADOS UNIDOS D MEXICO 500M 2602;9516,16;CLO  ;CLO  ;EUR;49;USD;Y;600001;SEDENA EADS                   ;GLINTIN        ;INTIN;9516,16;CR   ;INTAC;RTFSG;OST  ;04/06/2015 0:00;04/06/2015 0:00;Outstanding Accruals;SAN8GMX-UN00010;SLPI ;REPO TRADE FINANCE 1 SOCIETE GENERAL
BONO 2:ESTADOS UNIDOS D MEXICO 500M 2602;9516,16;CLO  ;CLO  ;EUR;49;USD;Y;600001;SEDENA EADS                   ;GLINTRC        ;INTRC;9516,16;DR   ;INTAC;RTFSG;OST  ;04/06/2015 0:00;04/06/2015 0:00;Outstanding Accruals;SAN8GMX-UN00010;SLPI ;REPO TRADE FINANCE 1 SOCIETE GENERAL
BONO 2:ESTADOS UNIDOS D MEXICO 500M 2602;35790957,97;CLO  ;CLO  ;EUR;49;USD;Y;600001;SEMAR 1 EADS                  ;UNCOC          ;UNCOC;35790957,97;CR   ;UNCOM;RTFSG;FAC  ;04/06/2015 0:00;04/06/2015 0:00;Unused Commitment Posting;;;REPO TRADE FINANCE 1 SOCIETE GENERAL
BONO 2:ESTADOS UNIDOS D MEXICO 500M 2602;35790957,97;CLO  ;CLO  ;EUR;49;USD;Y;600001;SEMAR 1 EADS                  ;UNCOM          ;UNCOM;35790957,97;DR   ;UNCOM;RTFSG;FAC  ;04/06/2015 0:00;04/06/2015 0:00;Unused Commitment Posting;;;REPO TRADE FINANCE 1 SOCIETE GENERAL
BONO 2:FRISA FORJADOS 16.39MM 13/09/2011;535,73;CLO  ;CLO  ;EUR;49;USD;Y;600001;FRISA FORJADOS                ;GLINTIN        ;INTIN;535,73;CR   ;INTAC;RTFSG;OST  ;04/06/2015 0:00;04/06/2015 0:00;Outstanding Accruals;SANFORL-FR00004;SLPI ;REPO TRADE FINANCE 1 SOCIETE GENERAL
BONO 2:FRISA FORJADOS 16.39MM 13/09/2011;535,73;CLO  ;CLO  ;EUR;49;USD;Y;600001;FRISA FORJADOS                ;GLINTRC        ;INTRC;535,73;DR   ;INTAC;RTFSG;OST  ;04/06/2015 0:00;04/06/2015 0:00;Outstanding Accruals;SANFORL-FR00004;SLPI ;REPO TRADE FINANCE 1 SOCIETE GENERAL
BONO 2:METRO, S.A. 149,19MM USD 22/07/08;11,03;CLO  ;CLO  ;EUR;49;USD;Y;600001;METRO SA 149,19MM             ;GLINTIN        ;INTIN;11,03;CR   ;INTAC;RTFSG;OST  ;04/06/2015 0:00;04/06/2015 0:00;Outstanding Accruals;SANOUEA-EM00026;SLPI ;REPO TRADE FINANCE 1 SOCIETE GENERAL
BONO 2:METRO, S.A. 149,19MM USD 22/07/08;11,03;CLO  ;CLO  ;EUR;49;USD;Y;600001;METRO SA 149,19MM             ;GLINTRC        ;INTRC;11,03;DR   ;INTAC;RTFSG;OST  ;04/06/2015 0:00;04/06/2015 0:00;Outstanding Accruals;SANOUEA-EM00026;SLPI ;REPO TRADE FINANCE 1 SOCIETE GENERAL
BONO 2:METRO, S.A. 149,19MM USD 22/07/08;1230,29;CLO  ;CLO  ;EUR;49;USD;Y;600001;METRO SA 149,19MM             ;GLINTIN        ;INTIN;1230,29;CR   ;INTAC;RTFSG;OST  ;04/06/2015 0:00;04/06/2015 0:00;Outstanding Accruals;SANOUEA-EM00025;SLPI ;REPO TRADE FINANCE 1 SOCIETE GENERAL
BONO 2:METRO, S.A. 149,19MM USD 22/07/08;1230,29;CLO  ;CLO  ;EUR;49;USD;Y;600001;METRO SA 149,19MM             ;GLINTRC        ;INTRC;1230,29;DR   ;INTAC;RTFSG;OST  ;04/06/2015 0:00;04/06/2015 0:00;Outstanding Accruals;SANOUEA-EM00025;SLPI ;REPO TRADE FINANCE 1 SOCIETE GENERAL
BONO 2:PETROBRA NETH 1BN USD 28.04.11   ;266,24;CLO  ;CLO  ;EUR;49;USD;Y;600001;PETROBRAS ECGD                ;GLINTIN        ;INTIN;266,24;CR   ;INTAC;RTFSG;OST  ;04/06/2015 0:00;04/06/2015 0:00;Outstanding Accruals;SANP1JV-PE00019;SLPI ;REPO TRADE FINANCE 1 SOCIETE GENERAL
BONO 2:PETROBRA NETH 1BN USD 28.04.11   ;266,24;CLO  ;CLO  ;EUR;49;USD;Y;600001;PETROBRAS ECGD                ;GLINTRC        ;INTRC;266,24;DR   ;INTAC;RTFSG;OST  ;04/06/2015 0:00;04/06/2015 0:00;Outstanding Accruals;SANP1JV-PE00019;SLPI ;REPO TRADE FINANCE 1 SOCIETE GENERAL
BONO 2:PETROBRAS NETH 686MM USD 30.03.11;4709,85;CLO  ;CLO  ;EUR;49;USD;Y;600001;PETROBRAS TRANCHE B TERM      ;GLINTIN        ;INTIN;4709,85;CR   ;INTAC;RTFSG;OST  ;04/06/2015 0:00;04/06/2015 0:00;Outstanding Accruals;SANP1JV-PE00020;SLPI ;REPO TRADE FINANCE 1 SOCIETE GENERAL
BONO 2:PETROBRAS NETH 686MM USD 30.03.11;4709,85;CLO  ;CLO  ;EUR;49;USD;Y;600001;PETROBRAS TRANCHE B TERM      ;GLINTRC        ;INTRC;4709,85;DR   ;INTAC;RTFSG;OST  ;04/06/2015 0:00;04/06/2015 0:00;Outstanding Accruals;SANP1JV-PE00020;SLPI ;REPO TRADE FINANCE 1 SOCIETE GENERAL
BONO 2:R.DOMIN PERAVIA USD52,9M 10/03/10;-4798698,73;CLO  ;CLO  ;EUR;49;USD;Y;600001;GOB.DOMINICANA 480820,178     ;UNCOC          ;UNCOC;4798698,73;DR   ;UNCOM;RTFSG;FAC  ;04/06/2015 0:00;04/06/2015 0:00;Unused Commitment Posting;;;REPO TRADE FINANCE 1 SOCIETE GENERAL
BONO 2:R.DOMIN PERAVIA USD52,9M 10/03/10;-4798698,73;CLO  ;CLO  ;EUR;49;USD;Y;600001;GOB.DOMINICANA 480820,178     ;UNCOM          ;UNCOM;4798698,73;CR   ;UNCOM;RTFSG;FAC  ;04/06/2015 0:00;04/06/2015 0:00;Unused Commitment Posting;;;REPO TRADE FINANCE 1 SOCIETE GENERAL
BONO 2:R.DOMIN PERAVIA USD52,9M 10/03/10;372,66;CLO  ;CLO  ;EUR;49;USD;Y;600001;GOB.DOMINICANA 480820,178     ;GLINTIN        ;INTIN;372,66;CR   ;INTAC;RTFSG;OST  ;04/06/2015 0:00;04/06/2015 0:00;Outstanding Accruals;SAN8RPD-DO00011;SLPI ;REPO TRADE FINANCE 1 SOCIETE GENERAL
BONO 2:R.DOMIN PERAVIA USD52,9M 10/03/10;372,66;CLO  ;CLO  ;EUR;49;USD;Y;600001;GOB.DOMINICANA 480820,178     ;GLINTRC        ;INTRC;372,66;DR   ;INTAC;RTFSG;OST  ;04/06/2015 0:00;04/06/2015 0:00;Outstanding Accruals;SAN8RPD-DO00011;SLPI ;REPO TRADE FINANCE 1 SOCIETE GENERAL
BONO 2:R.DOMIN PERAVIA USD52,9M 10/03/10;5072,43;CLO  ;CLO  ;EUR;49;USD;Y;600001;GOB.DOMINICANA 480820,178     ;GLINTIN        ;INTIN;5072,43;CR   ;INTAC;RTFSG;OST  ;04/06/2015 0:00;04/06/2015 0:00;Outstanding Accruals;SAN8RPD-DO00010;SLPI ;REPO TRADE FINANCE 1 SOCIETE GENERAL
BONO 2:R.DOMIN PERAVIA USD52,9M 10/03/10;5072,43;CLO  ;CLO  ;EUR;49;USD;Y;600001;GOB.DOMINICANA 480820,178     ;GLINTRC        ;INTRC;5072,43;DR   ;INTAC;RTFSG;OST  ;04/06/2015 0:00;04/06/2015 0:00;Outstanding Accruals;SAN8RPD-DO00010;SLPI ;REPO TRADE FINANCE 1 SOCIETE GENERAL
BONO 2:R.DOMIN PERAVIA USD52,9M 10/03/10;4798698,73;CLO  ;CLO  ;EUR;49;USD;Y;600001;GOB.DOMINICANA 480820,178     ;UNCOC          ;UNCOC;4798698,73;CR   ;UNCOM;RTFSG;FAC  ;04/06/2015 0:00;04/06/2015 0:00;Unused Commitment Posting;;;REPO TRADE FINANCE 1 SOCIETE GENERAL
BONO 2:R.DOMIN PERAVIA USD52,9M 10/03/10;4798698,73;CLO  ;CLO  ;EUR;49;USD;Y;600001;GOB.DOMINICANA 480820,178     ;UNCOM          ;UNCOM;4798698,73;DR   ;UNCOM;RTFSG;FAC  ;04/06/2015 0:00;04/06/2015 0:00;Unused Commitment Posting;;;REPO TRADE FINANCE 1 SOCIETE GENERAL
BONO 2:TURKIYE PETROL USD 1.111MM       ;9872,39;CLO  ;CLO  ;EUR;49;USD;Y;600001;TURKIYE PETROL USD 1.111MM    ;GLINTIN        ;INTIN;9872,39;CR   ;INTAC;RTFSG;OST  ;04/06/2015 0:00;04/06/2015 0:00;Outstanding Accruals;SAN5TUP-TU00097;SLPI ;REPO TRADE FINANCE 1 SOCIETE GENERAL
BONO 2:TURKIYE PETROL USD 1.111MM       ;9872,39;CLO  ;CLO  ;EUR;49;USD;Y;600001;TURKIYE PETROL USD 1.111MM    ;GLINTRC        ;INTRC;9872,39;DR   ;INTAC;RTFSG;OST  ;04/06/2015 0:00;04/06/2015 0:00;Outstanding Accruals;SAN5TUP-TU00097;SLPI ;REPO TRADE FINANCE 1 SOCIETE GENERAL
BONO: ARKLOW SHIPPING 490000,178 EUR    ;-0,03;CLO  ;CLO  ;EUR;49;EUR;Y;600001;TERM                          ;UNCOC          ;UNCOC;0,03;DR   ;UNCOM;S1SGB;FAC  ;04/06/2015 0:00;04/06/2015 0:00;Unused Commitment Posting;;;Serie 1 SGBM Asset Mobilization
BONO: ARKLOW SHIPPING 490000,178 EUR    ;-0,03;CLO  ;CLO  ;EUR;49;EUR;Y;600001;TERM                          ;UNCOM          ;UNCOM;0,03;CR   ;UNCOM;S1SGB;FAC  ;04/06/2015 0:00;04/06/2015 0:00;Unused Commitment Posting;;;Serie 1 SGBM Asset Mobilization
BONO: ARKLOW SHIPPING 490000,178 EUR    ;0,03;CLO  ;CLO  ;EUR;49;EUR;Y;600001;TERM                          ;UNCOC          ;UNCOC;0,03;CR   ;UNCOM;S1SGB;FAC  ;04/06/2015 0:00;04/06/2015 0:00;Unused Commitment Posting;;;Serie 1 SGBM Asset Mobilization
BONO: ARKLOW SHIPPING 490000,178 EUR    ;0,03;CLO  ;CLO  ;EUR;49;EUR;Y;600001;TERM                          ;UNCOM          ;UNCOM;0,03;DR   ;UNCOM;S1SGB;FAC  ;04/06/2015 0:00;04/06/2015 0:00;Unused Commitment Posting;;;Serie 1 SGBM Asset Mobilization
BONO: ARKLOW SHIPPING 490000,178 EUR    ;229,68;CLO  ;CLO  ;EUR;49;EUR;Y;600001;TERM                          ;940033;INTRC;229,68;DR   ;INTAC;S1SGB;OST  ;04/06/2015 0:00;04/06/2015 0:00;Outstanding Accruals;SANZAVB-AR00006;SLPI ;Serie 1 SGBM Asset Mobilization
BONO: ARKLOW SHIPPING 490000,178 EUR    ;229,68;CLO  ;CLO  ;EUR;49;EUR;Y;600001;TERM                          ;969039;INTIN;229,68;CR   ;INTAC;S1SGB;OST  ;04/06/2015 0:00;04/06/2015 0:00;Outstanding Accruals;SANZAVB-AR00006;SLPI ;Serie 1 SGBM Asset Mobilization
BONO: B.POUPAN ANP 011 EUR18.5M 22/03/06;-11700023,9;CLO  ;CLO  ;EUR;49;EUR;Y;600001;TERM                          ;UNCOC          ;UNCOC;11700023,9;DR   ;UNCOM;S1SGB;FAC  ;04/06/2015 0:00;04/06/2015 0:00;Unused Commitment Posting;;;Serie 1 SGBM Asset Mobilization
BONO: B.POUPAN ANP 011 EUR18.5M 22/03/06;-11700023,9;CLO  ;CLO  ;EUR;49;EUR;Y;600001;TERM                          ;UNCOM          ;UNCOM;11700023,9;CR   ;UNCOM;S1SGB;FAC  ;04/06/2015 0:00;04/06/2015 0:00;Unused Commitment Posting;;;Serie 1 SGBM Asset Mobilization
BONO: B.POUPAN ANP 011 EUR18.5M 22/03/06;223,96;CLO  ;CLO  ;EUR;49;EUR;Y;600001;TERM                          ;940033;INTRC;223,96;DR   ;INTAC;S1SGB;OST  ;04/06/2015 0:00;04/06/2015 0:00;Outstanding Accruals;SAN01SE-BA00105;SLPI ;Serie 1 SGBM Asset Mobilization
BONO: B.POUPAN ANP 011 EUR18.5M 22/03/06;223,96;CLO  ;CLO  ;EUR;49;EUR;Y;600001;TERM                          ;969039;INTIN;223,96;CR   ;INTAC;S1SGB;OST  ;04/06/2015 0:00;04/06/2015 0:00;Outstanding Accruals;SAN01SE-BA00105;SLPI ;Serie 1 SGBM Asset Mobilization
BONO: B.POUPAN ANP 011 EUR18.5M 22/03/06;225,75;CLO  ;CLO  ;EUR;49;EUR;Y;600001;TERM                          ;940033;INTRC;225,75;DR   ;INTAC;S1SGB;OST  ;04/06/2015 0:00;04/06/2015 0:00;Outstanding Accruals;SAN01SE-BA00104;SLPI ;Serie 1 SGBM Asset Mobilization
BONO: B.POUPAN ANP 011 EUR18.5M 22/03/06;225,75;CLO  ;CLO  ;EUR;49;EUR;Y;600001;TERM                          ;969039;INTIN;225,75;CR   ;INTAC;S1SGB;OST  ;04/06/2015 0:00;04/06/2015 0:00;Outstanding Accruals;SAN01SE-BA00104;SLPI ;Serie 1 SGBM Asset Mobilization
BONO: B.POUPAN ANP 011 EUR18.5M 22/03/06;245,74;CLO  ;CLO  ;EUR;49;EUR;Y;600001;TERM                          ;940033;INTRC;245,74;DR   ;INTAC;S1SGB;OST  ;04/06/2015 0:00;04/06/2015 0:00;Outstanding Accruals;SAN01SE-BA00106;SLPI ;Serie 1 SGBM Asset Mobilization
BONO: B.POUPAN ANP 011 EUR18.5M 22/03/06;245,74;CLO  ;CLO  ;EUR;49;EUR;Y;600001;TERM                          ;969039;INTIN;245,74;CR   ;INTAC;S1SGB;OST  ;04/06/2015 0:00;04/06/2015 0:00;Outstanding Accruals;SAN01SE-BA00106;SLPI ;Serie 1 SGBM Asset Mobilization
BONO: B.POUPAN ANP 011 EUR18.5M 22/03/06;251,11;CLO  ;CLO  ;EUR;49;EUR;Y;600001;TERM                          ;940033;INTRC;251,11;DR   ;INTAC;S1SGB;OST  ;04/06/2015 0:00;04/06/2015 0:00;Outstanding Accruals;SAN01SE-BA00103;SLPI ;Serie 1 SGBM Asset Mobilization
BONO: B.POUPAN ANP 011 EUR18.5M 22/03/06;251,11;CLO  ;CLO  ;EUR;49;EUR;Y;600001;TERM                          ;969039;INTIN;251,11;CR   ;INTAC;S1SGB;OST  ;04/06/2015 0:00;04/06/2015 0:00;Outstanding Accruals;SAN01SE-BA00103;SLPI ;Serie 1 SGBM Asset Mobilization
BONO: B.POUPAN ANP 011 EUR18.5M 22/03/06;251,6;CLO  ;CLO  ;EUR;49;EUR;Y;600001;TERM                          ;940033;INTRC;251,6;DR   ;INTAC;S1SGB;OST  ;04/06/2015 0:00;04/06/2015 0:00;Outstanding Accruals;SAN01SE-BA00102;SLPI ;Serie 1 SGBM Asset Mobilization
BONO: B.POUPAN ANP 011 EUR18.5M 22/03/06;251,6;CLO  ;CLO  ;EUR;49;EUR;Y;600001;TERM                          ;969039;INTIN;251,6;CR   ;INTAC;S1SGB;OST  ;04/06/2015 0:00;04/06/2015 0:00;Outstanding Accruals;SAN01SE-BA00102;SLPI ;Serie 1 SGBM Asset Mobilization
BONO: B.POUPAN ANP 011 EUR18.5M 22/03/06;340,51;CLO  ;CLO  ;EUR;49;EUR;Y;600001;TERM                          ;940033;INTRC;340,51;DR   ;INTAC;S1SGB;OST  ;04/06/2015 0:00;04/06/2015 0:00;Outstanding Accruals;SAN01SE-BA00101;SLPI ;Serie 1 SGBM Asset Mobilization
BONO: B.POUPAN ANP 011 EUR18.5M 22/03/06;340,51;CLO  ;CLO  ;EUR;49;EUR;Y;600001;TERM                          ;969039;INTIN;340,51;CR   ;INTAC;S1SGB;OST  ;04/06/2015 0:00;04/06/2015 0:00;Outstanding Accruals;SAN01SE-BA00101;SLPI ;Serie 1 SGBM Asset Mobilization
BONO: B.POUPAN ANP 011 EUR18.5M 22/03/06;11700023,9;CLO  ;CLO  ;EUR;49;EUR;Y;600001;TERM                          ;UNCOC          ;UNCOC;11700023,9;CR   ;UNCOM;S1SGB;FAC  ;04/06/2015 0:00;04/06/2015 0:00;Unused Commitment Posting;;;Serie 1 SGBM Asset Mobilization
BONO: B.POUPAN ANP 011 EUR18.5M 22/03/06;11700023,9;CLO  ;CLO  ;EUR;49;EUR;Y;600001;TERM                          ;UNCOM          ;UNCOM;11700023,9;DR   ;UNCOM;S1SGB;FAC  ;04/06/2015 0:00;04/06/2015 0:00;Unused Commitment Posting;;;Serie 1 SGBM Asset Mobilization
BONO: BANCO DE POUPANCA EUR 10.8MM 07/08;941,81;CLO  ;CLO  ;EUR;49;EUR;Y;600001;TERM                          ;GLINTIN        ;INTIN;941,81;CR   ;INTAC;RTFSG;OST  ;04/06/2015 0:00;04/06/2015 0:00;Outstanding Accruals;SAN01SE-BA00100;SLPI ;REPO TRADE FINANCE 1 SOCIETE GENERAL
BONO: BANCO DE POUPANCA EUR 10.8MM 07/08;941,81;CLO  ;CLO  ;EUR;49;EUR;Y;600001;TERM                          ;GLINTRC        ;INTRC;941,81;DR   ;INTAC;RTFSG;OST  ;04/06/2015 0:00;04/06/2015 0:00;Outstanding Accruals;SAN01SE-BA00100;SLPI ;REPO TRADE FINANCE 1 SOCIETE GENERAL
BONO: COMP INT TEXT 43,78MM EUR 29/07/10;116,86;CLO  ;CLO  ;EUR;49;EUR;Y;600001;TRANCHE II                    ;940033;INTRC;116,86;DR   ;INTAC;S1SGB;OST  ;04/06/2015 0:00;04/06/2015 0:00;Outstanding Accruals;SANE3ZW-CO00035;SLPI ;Serie 1 SGBM Asset Mobilization
BONO: COMP INT TEXT 43,78MM EUR 29/07/10;116,86;CLO  ;CLO  ;EUR;49;EUR;Y;600001;TRANCHE II                    ;969039;INTIN;116,86;CR   ;INTAC;S1SGB;OST  ;04/06/2015 0:00;04/06/2015 0:00;Outstanding Accruals;SANE3ZW-CO00035;SLPI ;Serie 1 SGBM Asset Mobilization
BONO: COMP INT TEXT 43,78MM EUR 29/07/10;312,9;CLO  ;CLO  ;EUR;49;EUR;Y;600001;TRANCHE I                     ;940033;INTRC;312,9;DR   ;INTAC;S1SGB;OST  ;04/06/2015 0:00;04/06/2015 0:00;Outstanding Accruals;SANE3ZW-CO00034;SLPI ;Serie 1 SGBM Asset Mobilization
BONO: COMP INT TEXT 43,78MM EUR 29/07/10;312,9;CLO  ;CLO  ;EUR;49;EUR;Y;600001;TRANCHE I                     ;969039;INTIN;312,9;CR   ;INTAC;S1SGB;OST  ;04/06/2015 0:00;04/06/2015 0:00;Outstanding Accruals;SANE3ZW-CO00034;SLPI ;Serie 1 SGBM Asset Mobilization
BONO:COMP INT TEXT 47,2MM EUR 29/07/10  ;-10099862,39;CLO  ;CLO  ;EUR;49;EUR;Y;600001;TRANCHE I                     ;UNCOC          ;UNCOC;10099862,39;DR   ;UNCOM;S1SGB;FAC  ;04/06/2015 0:00;04/06/2015 0:00;Unused Commitment Posting;;;REPO TRADE FINANCE 1 SOCIETE GENERAL
BONO:COMP INT TEXT 47,2MM EUR 29/07/10  ;-10099862,39;CLO  ;CLO  ;EUR;49;EUR;Y;600001;TRANCHE I                     ;UNCOC          ;UNCOC;10099862,39;DR   ;UNCOM;S1SGB;FAC  ;04/06/2015 0:00;04/06/2015 0:00;Unused Commitment Posting;;;Serie 1 SGBM Asset Mobilization
BONO:COMP INT TEXT 47,2MM EUR 29/07/10  ;-10099862,39;CLO  ;CLO  ;EUR;49;EUR;Y;600001;TRANCHE I                     ;UNCOM          ;UNCOM;10099862,39;CR   ;UNCOM;S1SGB;FAC  ;04/06/2015 0:00;04/06/2015 0:00;Unused Commitment Posting;;;REPO TRADE FINANCE 1 SOCIETE GENERAL
BONO:COMP INT TEXT 47,2MM EUR 29/07/10  ;-10099862,39;CLO  ;CLO  ;EUR;49;EUR;Y;600001;TRANCHE I                     ;UNCOM          ;UNCOM;10099862,39;CR   ;UNCOM;S1SGB;FAC  ;04/06/2015 0:00;04/06/2015 0:00;Unused Commitment Posting;;;Serie 1 SGBM Asset Mobilization
BONO:COMP INT TEXT 47,2MM EUR 29/07/10  ;217,71;CLO  ;CLO  ;EUR;49;EUR;Y;600001;TRANCHE II                    ;940033;INTRC;217,71;DR   ;INTAC;S1SGB;OST  ;04/06/2015 0:00;04/06/2015 0:00;Outstanding Accruals;SANE3ZW-CO00038;SLPI ;Serie 1 SGBM Asset Mobilization
BONO:COMP INT TEXT 47,2MM EUR 29/07/10  ;217,71;CLO  ;CLO  ;EUR;49;EUR;Y;600001;TRANCHE II                    ;969039;INTIN;217,71;CR   ;INTAC;S1SGB;OST  ;04/06/2015 0:00;04/06/2015 0:00;Outstanding Accruals;SANE3ZW-CO00038;SLPI ;Serie 1 SGBM Asset Mobilization
BONO:COMP INT TEXT 47,2MM EUR 29/07/10  ;358,55;CLO  ;CLO  ;EUR;49;EUR;Y;600001;TRANCHE I                     ;GLINTIN        ;INTIN;358,55;CR   ;INTAC;RTFSG;OST  ;04/06/2015 0:00;04/06/2015 0:00;Outstanding Accruals;SANE3ZW-CO00037;SLPI ;REPO TRADE FINANCE 1 SOCIETE GENERAL
BONO:COMP INT TEXT 47,2MM EUR 29/07/10  ;358,55;CLO  ;CLO  ;EUR;49;EUR;Y;600001;TRANCHE I                     ;GLINTIN        ;INTIN;358,55;CR   ;INTAC;RTFSG;OST  ;04/06/2015 0:00;04/06/2015 0:00;Outstanding Accruals;SANE3ZW-CO00037;SLPI ;Serie 1 SGBM Asset Mobilization
BONO:COMP INT TEXT 47,2MM EUR 29/07/10  ;358,55;CLO  ;CLO  ;EUR;49;EUR;Y;600001;TRANCHE I                     ;GLINTRC        ;INTRC;358,55;DR   ;INTAC;RTFSG;OST  ;04/06/2015 0:00;04/06/2015 0:00;Outstanding Accruals;SANE3ZW-CO00037;SLPI ;REPO TRADE FINANCE 1 SOCIETE GENERAL
BONO:COMP INT TEXT 47,2MM EUR 29/07/10  ;358,55;CLO  ;CLO  ;EUR;49;EUR;Y;600001;TRANCHE I                     ;GLINTRC        ;INTRC;358,55;DR   ;INTAC;RTFSG;OST  ;04/06/2015 0:00;04/06/2015 0:00;Outstanding Accruals;SANE3ZW-CO00037;SLPI ;Serie 1 SGBM Asset Mobilization
BONO:COMP INT TEXT 47,2MM EUR 29/07/10  ;10099862,39;CLO  ;CLO  ;EUR;49;EUR;Y;600001;TRANCHE I                     ;UNCOC          ;UNCOC;10099862,39;CR   ;UNCOM;S1SGB;FAC  ;04/06/2015 0:00;04/06/2015 0:00;Unused Commitment Posting;;;REPO TRADE FINANCE 1 SOCIETE GENERAL
BONO:COMP INT TEXT 47,2MM EUR 29/07/10  ;10099862,39;CLO  ;CLO  ;EUR;49;EUR;Y;600001;TRANCHE I                     ;UNCOC          ;UNCOC;10099862,39;CR   ;UNCOM;S1SGB;FAC  ;04/06/2015 0:00;04/06/2015 0:00;Unused Commitment Posting;;;Serie 1 SGBM Asset Mobilization
BONO:COMP INT TEXT 47,2MM EUR 29/07/10  ;10099862,39;CLO  ;CLO  ;EUR;49;EUR;Y;600001;TRANCHE I                     ;UNCOM          ;UNCOM;10099862,39;DR   ;UNCOM;S1SGB;FAC  ;04/06/2015 0:00;04/06/2015 0:00;Unused Commitment Posting;;;REPO TRADE FINANCE 1 SOCIETE GENERAL
BONO:COMP INT TEXT 47,2MM EUR 29/07/10  ;10099862,39;CLO  ;CLO  ;EUR;49;EUR;Y;600001;TRANCHE I                     ;UNCOM          ;UNCOM;10099862,39;DR   ;UNCOM;S1SGB;FAC  ;04/06/2015 0:00;04/06/2015 0:00;Unused Commitment Posting;;;Serie 1 SGBM Asset Mobilization
BONO:ENEL GREEN POWER 153MM EUR 27/03/14;8535,78;CLO  ;CLO  ;EUR;49;EUR;Y;600001;TRAMO 1                       ;GLINTIN        ;INTIN;8535,78;CR   ;INTAC;RTFSG;OST  ;04/06/2015 0:00;04/06/2015 0:00;Outstanding Accruals;SANZ85A-EN00002;SLPI ;Inversin Santander Madrid
BONO:ENEL GREEN POWER 153MM EUR 27/03/14;8535,78;CLO  ;CLO  ;EUR;49;EUR;Y;600001;TRAMO 1                       ;GLINTIN        ;INTIN;8535,78;CR   ;INTAC;RTFSG;OST  ;04/06/2015 0:00;04/06/2015 0:00;Outstanding Accruals;SANZ85A-EN00002;SLPI ;REPO TRADE FINANCE 1 SOCIETE GENERAL
BONO:ENEL GREEN POWER 153MM EUR 27/03/14;8535,78;CLO  ;CLO  ;EUR;49;EUR;Y;600001;TRAMO 1                       ;GLINTRC        ;INTRC;8535,78;DR   ;INTAC;RTFSG;OST  ;04/06/2015 0:00;04/06/2015 0:00;Outstanding Accruals;SANZ85A-EN00002;SLPI ;Inversin Santander Madrid
BONO:ENEL GREEN POWER 153MM EUR 27/03/14;8535,78;CLO  ;CLO  ;EUR;49;EUR;Y;600001;TRAMO 1                       ;GLINTRC        ;INTRC;8535,78;DR   ;INTAC;RTFSG;OST  ;04/06/2015 0:00;04/06/2015 0:00;Outstanding Accruals;SANZ85A-EN00002;SLPI ;REPO TRADE FINANCE 1 SOCIETE GENERAL
BONO:INEPAR TRIUNFO 10MM EUR 13/08/2013 ;417,4;CLO  ;CLO  ;EUR;49;EUR;Y;600001;INEPAR FACILITY               ;GLINTIN        ;INTIN;417,4;CR   ;INTAC;RTFSG;OST  ;04/06/2015 0:00;04/06/2015 0:00;Outstanding Accruals;SANY3AJ-IN00017;SLPI ;REPO TRADE FINANCE 1 SOCIETE GENERAL
BONO:INEPAR TRIUNFO 10MM EUR 13/08/2013 ;417,4;CLO  ;CLO  ;EUR;49;EUR;Y;600001;INEPAR FACILITY               ;GLINTRC        ;INTRC;417,4;DR   ;INTAC;RTFSG;OST  ;04/06/2015 0:00;04/06/2015 0:00;Outstanding Accruals;SANY3AJ-IN00017;SLPI ;REPO TRADE FINANCE 1 SOCIETE GENERAL
BONO:MSC CROCIERE SACE 156MM EUR        ;2367,59;CLO  ;CLO  ;EUR;49;EUR;Y;600001;ARMONIA                       ;GLINTIN        ;INTIN;2367,59;CR   ;INTAC;RTFSG;OST  ;04/06/2015 0:00;04/06/2015 0:00;Outstanding Accruals;SANXYWW-MS00016;SLPI ;REPO TRADE FINANCE 1 SOCIETE GENERAL
BONO:MSC CROCIERE SACE 156MM EUR        ;2367,59;CLO  ;CLO  ;EUR;49;EUR;Y;600001;ARMONIA                       ;GLINTRC        ;INTRC;2367,59;DR   ;INTAC;RTFSG;OST  ;04/06/2015 0:00;04/06/2015 0:00;Outstanding Accruals;SANXYWW-MS00016;SLPI ;REPO TRADE FINANCE 1 SOCIETE GENERAL
BONO:OF.DE LAVIATION 12,1MM EUR 05/03/09;182,97;CLO  ;CLO  ;EUR;49;EUR;Y;600001;OFFICE DE LAVIATION           ;GLINTIN        ;INTIN;182,97;CR   ;INTAC;RTFSG;OST  ;04/06/2015 0:00;04/06/2015 0:00;Outstanding Accruals;SANOM97-OF00009;SLPI ;REPO TRADE FINANCE 1 SOCIETE GENERAL
BONO:OF.DE LAVIATION 12,1MM EUR 05/03/09;182,97;CLO  ;CLO  ;EUR;49;EUR;Y;600001;OFFICE DE LAVIATION           ;GLINTRC        ;INTRC;182,97;DR   ;INTAC;RTFSG;OST  ;04/06/2015 0:00;04/06/2015 0:00;Outstanding Accruals;SANOM97-OF00009;SLPI ;REPO TRADE FINANCE 1 SOCIETE GENERAL
BONO:OF.DE LAVIATION 12,1MM EUR 05/03/09;307,45;CLO  ;CLO  ;EUR;49;EUR;Y;600001;OFFICE DE LAVIATION           ;GLINTIN        ;INTIN;307,45;CR   ;INTAC;RTFSG;OST  ;04/06/2015 0:00;04/06/2015 0:00;Outstanding Accruals;SANOM97-OF00008;SLPI ;REPO TRADE FINANCE 1 SOCIETE GENERAL
BONO:OF.DE LAVIATION 12,1MM EUR 05/03/09;307,45;CLO  ;CLO  ;EUR;49;EUR;Y;600001;OFFICE DE LAVIATION           ;GLINTRC        ;INTRC;307,45;DR   ;INTAC;RTFSG;OST  ;04/06/2015 0:00;04/06/2015 0:00;Outstanding Accruals;SANOM97-OF00008;SLPI ;REPO TRADE FINANCE 1 SOCIETE GENERAL
BONO:R. DE MARRUECOS EUR 188MM 14/02/09 ;8859,94;CLO  ;CLO  ;EUR;49;EUR;Y;600001;MARRUECOS - EIMTRADE          ;GLINTIN        ;INTIN;8859,94;CR   ;INTAC;RTFSG;OST  ;04/06/2015 0:00;04/06/2015 0:00;Outstanding Accruals;SAN8RMA-KI00002;SLPI ;REPO TRADE FINANCE 1 SOCIETE GENERAL
BONO:R. DE MARRUECOS EUR 188MM 14/02/09 ;8859,94;CLO  ;CLO  ;EUR;49;EUR;Y;600001;MARRUECOS - EIMTRADE          ;GLINTRC        ;INTRC;8859,94;DR   ;INTAC;RTFSG;OST  ;04/06/2015 0:00;04/06/2015 0:00;Outstanding Accruals;SAN8RMA-KI00002;SLPI ;REPO TRADE FINANCE 1 SOCIETE GENERAL
BONO:RELIANCE INDUST 760MM EUR 07/05/12 ;-84282,43;CLO  ;CLO  ;EUR;49;EUR;Y;600001;RELIANCE 760MM                ;UNCOC          ;UNCOC;84282,43;DR   ;UNCOM;RTFSG;FAC  ;04/06/2015 0:00;04/06/2015 0:00;Unused Commitment Posting;;;REPO TRADE FINANCE 1 SOCIETE GENERAL
BONO:RELIANCE INDUST 760MM EUR 07/05/12 ;-84282,43;CLO  ;CLO  ;EUR;49;EUR;Y;600001;RELIANCE 760MM                ;UNCOM          ;UNCOM;84282,43;CR   ;UNCOM;RTFSG;FAC  ;04/06/2015 0:00;04/06/2015 0:00;Unused Commitment Posting;;;REPO TRADE FINANCE 1 SOCIETE GENERAL
BONO:RELIANCE INDUST 760MM EUR 07/05/12 ;84282,43;CLO  ;CLO  ;EUR;49;EUR;Y;600001;RELIANCE 760MM                ;UNCOC          ;UNCOC;84282,43;CR   ;UNCOM;RTFSG;FAC  ;04/06/2015 0:00;04/06/2015 0:00;Unused Commitment Posting;;;REPO TRADE FINANCE 1 SOCIETE GENERAL
BONO:RELIANCE INDUST 760MM EUR 07/05/12 ;84282,43;CLO  ;CLO  ;EUR;49;EUR;Y;600001;RELIANCE 760MM                ;UNCOM          ;UNCOM;84282,43;DR   ;UNCOM;RTFSG;FAC  ;04/06/2015 0:00;04/06/2015 0:00;Unused Commitment Posting;;;REPO TRADE FINANCE 1 SOCIETE GENERAL
BONO:REP. DE ANGOLA EUR 156MM 28/06/13  ;-22455341,84;CLO  ;CLO  ;EUR;49;EUR;Y;600001;TERM FACILITY                 ;UNCOC          ;UNCOC;22455341,84;DR   ;UNCOM;RTFSG;FAC  ;04/06/2015 0:00;04/06/2015 0:00;Unused Commitment Posting;;;REPO TRADE FINANCE 1 SOCIETE GENERAL
BONO:REP. DE ANGOLA EUR 156MM 28/06/13  ;-22455341,84;CLO  ;CLO  ;EUR;49;EUR;Y;600001;TERM FACILITY                 ;UNCOM          ;UNCOM;22455341,84;CR   ;UNCOM;RTFSG;FAC  ;04/06/2015 0:00;04/06/2015 0:00;Unused Commitment Posting;;;REPO TRADE FINANCE 1 SOCIETE GENERAL
BONO:REP. DE ANGOLA EUR 156MM 28/06/13  ;22455341,84;CLO  ;CLO  ;EUR;49;EUR;Y;600001;TERM FACILITY                 ;UNCOC          ;UNCOC;22455341,84;CR   ;UNCOM;RTFSG;FAC  ;04/06/2015 0:00;04/06/2015 0:00;Unused Commitment Posting;;;REPO TRADE FINANCE 1 SOCIETE GENERAL
BONO:REP. DE ANGOLA EUR 156MM 28/06/13  ;22455341,84;CLO  ;CLO  ;EUR;49;EUR;Y;600001;TERM FACILITY                 ;UNCOM          ;UNCOM;22455341,84;DR   ;UNCOM;RTFSG;FAC  ;04/06/2015 0:00;04/06/2015 0:00;Unused Commitment Posting;;;REPO TRADE FINANCE 1 SOCIETE GENERAL
HEXAGO: EXELTIUM 185M EUR 29/04/10      ;17400,27;CLO  ;CLO  ;EUR;49;EUR;Y;600003;EXELTIUM 185M EUR 29/04/10    ;940033;INTRC;17400,27;DR   ;INTAC;S1SGB;OST  ;04/06/2015 0:00;04/06/2015 0:00;Outstanding Accruals;SANE1SZ-EX00005;BIL  ;Serie 1 SGBM Asset Mobilization
HEXAGO: EXELTIUM 185M EUR 29/04/10      ;17400,27;CLO  ;CLO  ;EUR;49;EUR;Y;600003;EXELTIUM 185M EUR 29/04/10    ;969039;INTIN;17400,27;CR   ;INTAC;S1SGB;OST  ;04/06/2015 0:00;04/06/2015 0:00;Outstanding Accruals;SANE1SZ-EX00005;BIL  ;Serie 1 SGBM Asset Mobilization
MAPS: PAMPILLA S.A. 18DIC14 (1797)      ;-40000000;CLO  ;CLO  ;EUR;49;USD;Y;600001;TERM LOAN FACILITY            ;UNCOC          ;UNCOC;40000000;DR   ;UNCOM;RTFSG;FAC  ;04/06/2015 0:00;04/06/2015 0:00;Unused Commitment Posting;;;REPO TRADE FINANCE 1 SOCIETE GENERAL
MAPS: PAMPILLA S.A. 18DIC14 (1797)      ;-40000000;CLO  ;CLO  ;EUR;49;USD;Y;600001;TERM LOAN FACILITY            ;UNCOM          ;UNCOM;40000000;CR   ;UNCOM;RTFSG;FAC  ;04/06/2015 0:00;04/06/2015 0:00;Unused Commitment Posting;;;REPO TRADE FINANCE 1 SOCIETE GENERAL
MAPS: PAMPILLA S.A. 18DIC14 (1797)      ;40000000;CLO  ;CLO  ;EUR;49;USD;Y;600001;TERM LOAN FACILITY            ;UNCOC          ;UNCOC;40000000;CR   ;UNCOM;RTFSG;FAC  ;04/06/2015 0:00;04/06/2015 0:00;Unused Commitment Posting;;;REPO TRADE FINANCE 1 SOCIETE GENERAL
MAPS: PAMPILLA S.A. 18DIC14 (1797)      ;40000000;CLO  ;CLO  ;EUR;49;USD;Y;600001;TERM LOAN FACILITY            ;UNCOM          ;UNCOM;40000000;DR   ;UNCOM;RTFSG;FAC  ;04/06/2015 0:00;04/06/2015 0:00;Unused Commitment Posting;;;REPO TRADE FINANCE 1 SOCIETE GENERAL
MAPS: PAMPILLA USD  50MM 23DIC14(1797)  ;-39473684,21;CLO  ;CLO  ;EUR;49;USD;Y;600001;TERM LOAN FACILITY            ;UNCOC          ;UNCOC;39473684,21;DR   ;UNCOM;RTFSG;FAC  ;04/06/2015 0:00;04/06/2015 0:00;Unused Commitment Posting;;;REPO TRADE FINANCE 1 SOCIETE GENERAL
MAPS: PAMPILLA USD  50MM 23DIC14(1797)  ;-39473684,21;CLO  ;CLO  ;EUR;49;USD;Y;600001;TERM LOAN FACILITY            ;UNCOM          ;UNCOM;39473684,21;CR   ;UNCOM;RTFSG;FAC  ;04/06/2015 0:00;04/06/2015 0:00;Unused Commitment Posting;;;REPO TRADE FINANCE 1 SOCIETE GENERAL
MAPS: PAMPILLA USD  50MM 23DIC14(1797)  ;1234,01;CLO  ;CLO  ;EUR;49;USD;Y;600001;TERM LOAN FACILITY            ;GLINTIN        ;INTIN;1234,01;CR   ;INTAC;RTFSG;OST  ;04/06/2015 0:00;04/06/2015 0:00;Outstanding Accruals;SAN54PA-RE00007;SLPI ;REPO TRADE FINANCE 1 SOCIETE GENERAL
MAPS: PAMPILLA USD  50MM 23DIC14(1797)  ;1234,01;CLO  ;CLO  ;EUR;49;USD;Y;600001;TERM LOAN FACILITY            ;GLINTRC        ;INTRC;1234,01;DR   ;INTAC;RTFSG;OST  ;04/06/2015 0:00;04/06/2015 0:00;Outstanding Accruals;SAN54PA-RE00007;SLPI ;REPO TRADE FINANCE 1 SOCIETE GENERAL
MAPS: PAMPILLA USD  50MM 23DIC14(1797)  ;39473684,21;CLO  ;CLO  ;EUR;49;USD;Y;600001;TERM LOAN FACILITY            ;UNCOC          ;UNCOC;39473684,21;CR   ;UNCOM;RTFSG;FAC  ;04/06/2015 0:00;04/06/2015 0:00;Unused Commitment Posting;;;REPO TRADE FINANCE 1 SOCIETE GENERAL
MAPS: PAMPILLA USD  50MM 23DIC14(1797)  ;39473684,21;CLO  ;CLO  ;EUR;49;USD;Y;600001;TERM LOAN FACILITY            ;UNCOM          ;UNCOM;39473684,21;DR   ;UNCOM;RTFSG;FAC  ;04/06/2015 0:00;04/06/2015 0:00;Unused Commitment Posting;;;REPO TRADE FINANCE 1 SOCIETE GENERAL
MAPS: PAMPILLA USD 500MM 22DIC14 (1797) ;-50000000;CLO  ;CLO  ;EUR;49;USD;Y;600001;TERM LOAN FACILITY            ;UNCOC          ;UNCOC;50000000;DR   ;UNCOM;RTFSG;FAC  ;04/06/2015 0:00;04/06/2015 0:00;Unused Commitment Posting;;;REPO TRADE FINANCE 1 SOCIETE GENERAL
MAPS: PAMPILLA USD 500MM 22DIC14 (1797) ;-50000000;CLO  ;CLO  ;EUR;49;USD;Y;600001;TERM LOAN FACILITY            ;UNCOM          ;UNCOM;50000000;CR   ;UNCOM;RTFSG;FAC  ;04/06/2015 0:00;04/06/2015 0:00;Unused Commitment Posting;;;REPO TRADE FINANCE 1 SOCIETE GENERAL
MAPS: PAMPILLA USD 500MM 22DIC14 (1797) ;50000000;CLO  ;CLO  ;EUR;49;USD;Y;600001;TERM LOAN FACILITY            ;UNCOC          ;UNCOC;50000000;CR   ;UNCOM;RTFSG;FAC  ;04/06/2015 0:00;04/06/2015 0:00;Unused Commitment Posting;;;REPO TRADE FINANCE 1 SOCIETE GENERAL
MAPS: PAMPILLA USD 500MM 22DIC14 (1797) ;50000000;CLO  ;CLO  ;EUR;49;USD;Y;600001;TERM LOAN FACILITY            ;UNCOM          ;UNCOM;50000000;DR   ;UNCOM;RTFSG;FAC  ;04/06/2015 0:00;04/06/2015 0:00;Unused Commitment Posting;;;REPO TRADE FINANCE 1 SOCIETE GENERAL
REPO: PEMEX USD 300M 2006 30/11/2006    ;-500000;CLO  ;CLO  ;EUR;49;USD;Y;600001;PEMEX 2006 USD 300MM          ;940037;DDA  ;500000;DR   ;LNDR ;;OST  ;04/06/2015 0:00;04/06/2015 0:00;Loan Drawdown;SANPEMX-PE00007;SBC  ;REPO TRADE FINANCE 1 SOCIETE GENERAL
REPO: PEMEX USD 300M 2006 30/11/2006    ;-500000;CLO  ;CLO  ;EUR;49;USD;Y;600001;PEMEX 2006 USD 300MM          ;940037;DDA  ;500000;DR   ;QLR  ;;DEA  ;04/06/2015 0:00;04/06/2015 0:00;Quick Loan Repricing;SANPEMX-PE00007;SBC  ;REPO TRADE FINANCE 1 SOCIETE GENERAL
REPO: PEMEX USD 300M 2006 30/11/2006    ;933,76;CLO  ;CLO  ;EUR;49;USD;Y;600001;PEMEX 2006 USD 300MM          ;GLINTIN        ;INTIN;933,76;CR   ;INTAC;RTFSG;OST  ;04/06/2015 0:00;04/06/2015 0:00;Outstanding Accruals;SANPEMX-PE00007;SBC  ;REPO TRADE FINANCE 1 SOCIETE GENERAL
REPO: PEMEX USD 300M 2006 30/11/2006    ;933,76;CLO  ;CLO  ;EUR;49;USD;Y;600001;PEMEX 2006 USD 300MM          ;GLINTRC        ;INTRC;933,76;DR   ;INTAC;RTFSG;OST  ;04/06/2015 0:00;04/06/2015 0:00;Outstanding Accruals;SANPEMX-PE00007;SBC  ;REPO TRADE FINANCE 1 SOCIETE GENERAL
REPO: PEMEX USD 300M 2006 30/11/2006    ;500000;CLO  ;CLO  ;EUR;49;USD;Y;600001;PEMEX 2006 USD 300MM          ;GLPRINC        ;PRINC;500000;DR   ;LNADJ;RTFSG;OST  ;04/06/2015 0:00;04/06/2015 0:00;Loan Adjustment;SANPEMX-PE00007;SBC  ;REPO TRADE FINANCE 1 SOCIETE GENERAL
REPO: PEMEX USD 300M 2006 30/11/2006    ;500000;CLO  ;CLO  ;EUR;49;USD;Y;600001;PEMEX 2006 USD 300MM          ;GLPRINC        ;PRINC;500000;DR   ;LNDR ;RTFSG;OST  ;04/06/2015 0:00;04/06/2015 0:00;Loan Drawdown;SANPEMX-PE00007;SBC  ;REPO TRADE FINANCE 1 SOCIETE GENERAL
REPO: PEMEX USD 300M 2006 30/11/2006    ;1000000;CLO  ;CLO  ;EUR;49;USD;Y;600001;PEMEX 2006 USD 300MM          ;940037;DDA  ;1000000;CR   ;LNDR ;;OST  ;04/06/2015 0:00;04/06/2015 0:00;Loan Drawdown;SANPEMX-PE00007;SBC  ;REPO TRADE FINANCE 1 SOCIETE GENERAL
REPO: PEMEX USD 300M 2006 30/11/2006    ;1000000;CLO  ;CLO  ;EUR;49;USD;Y;600001;PEMEX 2006 USD 300MM          ;940037;DDA  ;1000000;CR   ;QLR  ;;DEA  ;04/06/2015 0:00;04/06/2015 0:00;Quick Loan Repricing;SANPEMX-PE00007;SBC  ;REPO TRADE FINANCE 1 SOCIETE GENERAL
REPO: PEMEX USD 300M 2006 30/11/2006    ;7823529,27;CLO  ;CLO  ;EUR;49;USD;Y;600001;PEMEX 2006 USD 300MM          ;UNCOC          ;UNCOC;7823529,27;CR   ;UNCOM;RTFSG;FAC  ;04/06/2015 0:00;04/06/2015 0:00;Unused Commitment Posting;;;REPO TRADE FINANCE 1 SOCIETE GENERAL
REPO: PEMEX USD 300M 2006 30/11/2006    ;7823529,27;CLO  ;CLO  ;EUR;49;USD;Y;600001;PEMEX 2006 USD 300MM          ;UNCOM          ;UNCOM;7823529,27;DR   ;UNCOM;RTFSG;FAC  ;04/06/2015 0:00;04/06/2015 0:00;Unused Commitment Posting;;;REPO TRADE FINANCE 1 SOCIETE GENERAL
REPO: PETROBRAS NEDER 131MM USD 28/08/09;3076,94;CLO  ;CLO  ;EUR;49;USD;Y;600001;PETROBRAS EKF                 ;GLINTIN        ;INTIN;3076,94;CR   ;INTAC;RTFSG;OST  ;04/06/2015 0:00;04/06/2015 0:00;Outstanding Accruals;SANP1JV-PE00008;CRCOM;REPO TRADE FINANCE 1 SOCIETE GENERAL
REPO: PETROBRAS NEDER 131MM USD 28/08/09;3076,94;CLO  ;CLO  ;EUR;49;USD;Y;600001;PETROBRAS EKF                 ;GLINTRC        ;INTRC;3076,94;DR   ;INTAC;RTFSG;OST  ;04/06/2015 0:00;04/06/2015 0:00;Outstanding Accruals;SANP1JV-PE00008;CRCOM;REPO TRADE FINANCE 1 SOCIETE GENERAL
REPO: VOLKSWAGEN MEXIC 99MM USD 13/10/10;-25619207,55;CLO  ;CLO  ;EUR;49;USD;Y;600001;PRESTAMO COMPRADOR NO RESIDENT;UNCOC          ;UNCOC;25619207,55;DR   ;UNCOM;RTFSG;FAC  ;04/06/2015 0:00;04/06/2015 0:00;Unused Commitment Posting;;;REPO TRADE FINANCE 1 SOCIETE GENERAL
REPO: VOLKSWAGEN MEXIC 99MM USD 13/10/10;-25619207,55;CLO  ;CLO  ;EUR;49;USD;Y;600001;PRESTAMO COMPRADOR NO RESIDENT;UNCOM          ;UNCOM;25619207,55;CR   ;UNCOM;RTFSG;FAC  ;04/06/2015 0:00;04/06/2015 0:00;Unused Commitment Posting;;;REPO TRADE FINANCE 1 SOCIETE GENERAL
REPO: VOLKSWAGEN MEXIC 99MM USD 13/10/10;0,26;CLO  ;CLO  ;EUR;49;USD;Y;600001;PRESTAMO COMPRADOR NO RESIDENT;GLINTIN        ;INTIN;0,26;CR   ;INTAC;RTFSG;OST  ;04/06/2015 0:00;04/06/2015 0:00;Outstanding Accruals;SANVOLM-VW00009;SBC  ;REPO TRADE FINANCE 1 SOCIETE GENERAL
REPO: VOLKSWAGEN MEXIC 99MM USD 13/10/10;0,26;CLO  ;CLO  ;EUR;49;USD;Y;600001;PRESTAMO COMPRADOR NO RESIDENT;GLINTRC        ;INTRC;0,26;DR   ;INTAC;RTFSG;OST  ;04/06/2015 0:00;04/06/2015 0:00;Outstanding Accruals;SANVOLM-VW00009;SBC  ;REPO TRADE FINANCE 1 SOCIETE GENERAL
REPO: VOLKSWAGEN MEXIC 99MM USD 13/10/10;2,52;CLO  ;CLO  ;EUR;49;USD;Y;600001;PRESTAMO COMPRADOR NO RESIDENT;GLINTIN        ;INTIN;2,52;CR   ;INTAC;RTFSG;OST  ;04/06/2015 0:00;04/06/2015 0:00;Outstanding Accruals;SANVOLM-VW00003;SBC  ;REPO TRADE FINANCE 1 SOCIETE GENERAL
REPO: VOLKSWAGEN MEXIC 99MM USD 13/10/10;2,52;CLO  ;CLO  ;EUR;49;USD;Y;600001;PRESTAMO COMPRADOR NO RESIDENT;GLINTRC        ;INTRC;2,52;DR   ;INTAC;RTFSG;OST  ;04/06/2015 0:00;04/06/2015 0:00;Outstanding Accruals;SANVOLM-VW00003;SBC  ;REPO TRADE FINANCE 1 SOCIETE GENERAL
REPO: VOLKSWAGEN MEXIC 99MM USD 13/10/10;273,45;CLO  ;CLO  ;EUR;49;USD;Y;600001;PRESTAMO COMPRADOR NO RESIDENT;GLINTIN        ;INTIN;273,45;CR   ;INTAC;RTFSG;OST  ;04/06/2015 0:00;04/06/2015 0:00;Outstanding Accruals;SANVOLM-VW00010;SBC  ;REPO TRADE FINANCE 1 SOCIETE GENERAL
REPO: VOLKSWAGEN MEXIC 99MM USD 13/10/10;273,45;CLO  ;CLO  ;EUR;49;USD;Y;600001;PRESTAMO COMPRADOR NO RESIDENT;GLINTRC        ;INTRC;273,45;DR   ;INTAC;RTFSG;OST  ;04/06/2015 0:00;04/06/2015 0:00;Outstanding Accruals;SANVOLM-VW00010;SBC  ;REPO TRADE FINANCE 1 SOCIETE GENERAL
REPO: VOLKSWAGEN MEXIC 99MM USD 13/10/10;494,52;CLO  ;CLO  ;EUR;49;USD;Y;600001;PRESTAMO COMPRADOR NO RESIDENT;GLINTIN        ;INTIN;494,52;CR   ;INTAC;RTFSG;OST  ;04/06/2015 0:00;04/06/2015 0:00;Outstanding Accruals;SANVOLM-VW00004;SBC  ;REPO TRADE FINANCE 1 SOCIETE GENERAL
REPO: VOLKSWAGEN MEXIC 99MM USD 13/10/10;494,52;CLO  ;CLO  ;EUR;49;USD;Y;600001;PRESTAMO COMPRADOR NO RESIDENT;GLINTRC        ;INTRC;494,52;DR   ;INTAC;RTFSG;OST  ;04/06/2015 0:00;04/06/2015 0:00;Outstanding Accruals;SANVOLM-VW00004;SBC  ;REPO TRADE FINANCE 1 SOCIETE GENERAL
REPO: VOLKSWAGEN MEXIC 99MM USD 13/10/10;1598,83;CLO  ;CLO  ;EUR;49;USD;Y;600001;PRESTAMO COMPRADOR NO RESIDENT;GLINTIN        ;INTIN;1598,83;CR   ;INTAC;RTFSG;OST  ;04/06/2015 0:00;04/06/2015 0:00;Outstanding Accruals;SANVOLM-VW00008;SBC  ;REPO TRADE FINANCE 1 SOCIETE GENERAL
REPO: VOLKSWAGEN MEXIC 99MM USD 13/10/10;1598,83;CLO  ;CLO  ;EUR;49;USD;Y;600001;PRESTAMO COMPRADOR NO RESIDENT;GLINTRC        ;INTRC;1598,83;DR   ;INTAC;RTFSG;OST  ;04/06/2015 0:00;04/06/2015 0:00;Outstanding Accruals;SANVOLM-VW00008;SBC  ;REPO TRADE FINANCE 1 SOCIETE GENERAL
REPO: VOLKSWAGEN MEXIC 99MM USD 13/10/10;4674,02;CLO  ;CLO  ;EUR;49;USD;Y;600001;PRESTAMO COMPRADOR NO RESIDENT;GLINTIN        ;INTIN;4674,02;CR   ;INTAC;RTFSG;OST  ;04/06/2015 0:00;04/06/2015 0:00;Outstanding Accruals;SANVOLM-VW00002;SBC  ;REPO TRADE FINANCE 1 SOCIETE GENERAL
REPO: VOLKSWAGEN MEXIC 99MM USD 13/10/10;4674,02;CLO  ;CLO  ;EUR;49;USD;Y;600001;PRESTAMO COMPRADOR NO RESIDENT;GLINTRC        ;INTRC;4674,02;DR   ;INTAC;RTFSG;OST  ;04/06/2015 0:00;04/06/2015 0:00;Outstanding Accruals;SANVOLM-VW00002;SBC  ;REPO TRADE FINANCE 1 SOCIETE GENERAL
REPO: VOLKSWAGEN MEXIC 99MM USD 13/10/10;25619207,55;CLO  ;CLO  ;EUR;49;USD;Y;600001;PRESTAMO COMPRADOR NO RESIDENT;UNCOC          ;UNCOC;25619207,55;CR   ;UNCOM;RTFSG;FAC  ;04/06/2015 0:00;04/06/2015 0:00;Unused Commitment Posting;;;REPO TRADE FINANCE 1 SOCIETE GENERAL
REPO: VOLKSWAGEN MEXIC 99MM USD 13/10/10;25619207,55;CLO  ;CLO  ;EUR;49;USD;Y;600001;PRESTAMO COMPRADOR NO RESIDENT;UNCOM          ;UNCOM;25619207,55;DR   ;UNCOM;RTFSG;FAC  ;04/06/2015 0:00;04/06/2015 0:00;Unused Commitment Posting;;;REPO TRADE FINANCE 1 SOCIETE GENERAL
REPO:UNION ETF LEASING USD127MM 14/12/09;4140,36;CLO  ;CLO  ;EUR;49;USD;Y;600001;UNION ETF LEASING             ;GLINTIN        ;INTIN;4140,36;CR   ;INTAC;RTFSG;OST  ;04/06/2015 0:00;04/06/2015 0:00;Outstanding Accruals;SANUELN-UN00003;SBC  ;REPO TRADE FINANCE 1 SOCIETE GENERAL
REPO:UNION ETF LEASING USD127MM 14/12/09;4140,36;CLO  ;CLO  ;EUR;49;USD;Y;600001;UNION ETF LEASING             ;GLINTRC        ;INTRC;4140,36;DR   ;INTAC;RTFSG;OST  ;04/06/2015 0:00;04/06/2015 0:00;Outstanding Accruals;SANUELN-UN00003;SBC  ;REPO TRADE FINANCE 1 SOCIETE GENERAL
SERIE 1: FIBRIA. CELULOSE SA 535MM USD  ;127,87;CLO  ;CLO  ;EUR;49;USD;Y;600002;TERM FACILITY                 ;940033;INTRC;127,87;DR   ;INTAC;S1SGB;OST  ;04/06/2015 0:00;04/06/2015 0:00;Outstanding Accruals;SANFI9F-FI00063;SEF  ;Serie 1 SGBM Asset Mobilization
SERIE 1: FIBRIA. CELULOSE SA 535MM USD  ;127,87;CLO  ;CLO  ;EUR;49;USD;Y;600002;TERM FACILITY                 ;969039;INTIN;127,87;CR   ;INTAC;S1SGB;OST  ;04/06/2015 0:00;04/06/2015 0:00;Outstanding Accruals;SANFI9F-FI00063;SEF  ;Serie 1 SGBM Asset Mobilization
SERIE 2: FIBRIA CELULOSE SA USD 535MM   ;-7865808,6;CLO  ;CLO  ;EUR;49;USD;Y;600002;TERM FACILITY                 ;UNCOC          ;UNCOC;7865808,6;DR   ;UNCOM;S2SGB;FAC  ;04/06/2015 0:00;04/06/2015 0:00;Unused Commitment Posting;;;Serie 2 SGBM Asset Mobilization
SERIE 2: FIBRIA CELULOSE SA USD 535MM   ;-7865808,6;CLO  ;CLO  ;EUR;49;USD;Y;600002;TERM FACILITY                 ;UNCOM          ;UNCOM;7865808,6;CR   ;UNCOM;S2SGB;FAC  ;04/06/2015 0:00;04/06/2015 0:00;Unused Commitment Posting;;;Serie 2 SGBM Asset Mobilization
SERIE 2: FIBRIA CELULOSE SA USD 535MM   ;6910,51;CLO  ;CLO  ;EUR;49;USD;Y;600002;TERM FACILITY                 ;940033;INTRC;6910,51;DR   ;INTAC;S2SGB;OST  ;04/06/2015 0:00;04/06/2015 0:00;Outstanding Accruals;SANFI9F-FI00062;SLPI ;Serie 2 SGBM Asset Mobilization
SERIE 2: FIBRIA CELULOSE SA USD 535MM   ;6910,51;CLO  ;CLO  ;EUR;49;USD;Y;600002;TERM FACILITY                 ;969039;INTIN;6910,51;CR   ;INTAC;S2SGB;OST  ;04/06/2015 0:00;04/06/2015 0:00;Outstanding Accruals;SANFI9F-FI00062;SLPI ;Serie 2 SGBM Asset Mobilization
SERIE 2: FIBRIA CELULOSE SA USD 535MM   ;7865808,6;CLO  ;CLO  ;EUR;49;USD;Y;600002;TERM FACILITY                 ;UNCOC          ;UNCOC;7865808,6;CR   ;UNCOM;S2SGB;FAC  ;04/06/2015 0:00;04/06/2015 0:00;Unused Commitment Posting;;;Serie 2 SGBM Asset Mobilization
SERIE 2: FIBRIA CELULOSE SA USD 535MM   ;7865808,6;CLO  ;CLO  ;EUR;49;USD;Y;600002;TERM FACILITY                 ;UNCOM          ;UNCOM;7865808,6;DR   ;UNCOM;S2SGB;FAC  ;04/06/2015 0:00;04/06/2015 0:00;Unused Commitment Posting;;;Serie 2 SGBM Asset Mobilization
SERIE 2:HOLCIM FINANCE 2000MM EUR 8DEC11;-24251278,04;CLO  ;CLO  ;EUR;49;EUR;Y;600007;TRAMO CREDITO EUR & USD       ;UNCOC          ;UNCOC;24251278,04;DR   ;UNCOM;S2SGB;FAC  ;04/06/2015 0:00;04/06/2015 0:00;Unused Commitment Posting;;;Serie 2 SGBM Asset Mobilization
SERIE 2:HOLCIM FINANCE 2000MM EUR 8DEC11;-24251278,04;CLO  ;CLO  ;EUR;49;EUR;Y;600007;TRAMO CREDITO EUR & USD       ;UNCOM          ;UNCOM;24251278,04;CR   ;UNCOM;S2SGB;FAC  ;04/06/2015 0:00;04/06/2015 0:00;Unused Commitment Posting;;;Serie 2 SGBM Asset Mobilization
SERIE 2:HOLCIM FINANCE 2000MM EUR 8DEC11;24251278,04;CLO  ;CLO  ;EUR;49;EUR;Y;600007;TRAMO CREDITO EUR & USD       ;UNCOC          ;UNCOC;24251278,04;CR   ;UNCOM;S2SGB;FAC  ;04/06/2015 0:00;04/06/2015 0:00;Unused Commitment Posting;;;Serie 2 SGBM Asset Mobilization
SERIE 2:HOLCIM FINANCE 2000MM EUR 8DEC11;24251278,04;CLO  ;CLO  ;EUR;49;EUR;Y;600007;TRAMO CREDITO EUR & USD       ;UNCOM          ;UNCOM;24251278,04;DR   ;UNCOM;S2SGB;FAC  ;04/06/2015 0:00;04/06/2015 0:00;Unused Commitment Posting;;;Serie 2 SGBM Asset Mobilization
